1.00	0.9899	0.0101	0.11096509935528477
2.00	0.9898	0.0102	0.1169066571886089
3.00	0.9896	0.0104	0.12280122488564373
4.00	0.9894	0.0106	0.12862553928066095
5.00	0.9890	0.0110	0.13435661446561964
6.00	0.9886	0.0114	0.13997183250504394
7.00	0.9882	0.0118	0.14544903269868134
8.00	0.9876	0.0124	0.1507665990396623
9.00	0.9869	0.0131	0.15590354552300395
10.00	0.9862	0.0138	0.16083959896778413
11.00	0.9853	0.0147	0.16555527902612466
12.00	0.9843	0.0157	0.1700319750632245
13.00	0.9832	0.0168	0.17425201960503317
14.00	0.9819	0.0181	0.17819875806369903
15.00	0.9805	0.0195	0.18185661446561904
16.00	0.9789	0.0211	0.1852111529226905
17.00	0.9770	0.0230	0.18824913460416665
18.00	0.9750	0.0250	0.1909585699842719
19.00	0.9727	0.0273	0.19332876615938427
20.00	0.9702	0.0298	0.1953503690480402
21.00	0.9674	0.0326	0.19701540030722067
22.00	0.9643	0.0357	0.19831728881922614
23.00	0.9609	0.0391	0.19925089662487602
24.00	0.9571	0.0429	0.19981253920068617
25.00	0.9530	0.0470	0.2
26.00	0.9486	0.0514	0.1998125392006853
27.00	0.9438	0.0562	0.19925089662487436
28.00	0.9387	0.0613	0.19831728881922367
29.00	0.9333	0.0667	0.1970154003072174
30.00	0.9276	0.0724	0.1953503690480361
31.00	0.9216	0.0784	0.19332876615937938
32.00	0.9153	0.0847	0.19095856998426627
33.00	0.9089	0.0911	0.18824913460416132
34.00	0.9024	0.0976	0.18521115292268567
35.00	0.8958	0.1042	0.18185661446561438
36.00	0.8893	0.1107	0.17819875806369465
37.00	0.8829	0.1171	0.17425201960502915
38.00	0.8767	0.1233	0.17003197506322104
39.00	0.8708	0.1292	0.16555527902612183
40.00	0.8654	0.1346	0.160839598967782
41.00	0.8603	0.1397	0.15590354552300262
42.00	0.8558	0.1442	0.15076659903966186
43.00	0.8520	0.1480	0.14544903269868184
44.00	0.8488	0.1512	0.13997183250504544
45.00	0.8463	0.1537	0.1343566144656222
46.00	0.8446	0.1554	0.12862553928066456
47.00	0.8436	0.1564	0.12280122488564843
48.00	0.8434	0.1566	0.1169066571886147
49.00	0.8441	0.1559	0.11096509935529178
50.00	0.8454	0.1546	0.10500000000000824
51.00	0.8475	0.1525	0.09903490064472462
52.00	0.8503	0.1497	0.0930933428114016
53.00	0.8537	0.1463	0.08719877511436774
54.00	0.8578	0.1422	0.08137446071935135
55.00	0.8623	0.1377	0.07564338553439348
56.00	0.8673	0.1327	0.07002816749496987
57.00	0.8727	0.1273	0.06455096730133306
58.00	0.8784	0.1216	0.0592334009603526
59.00	0.8844	0.1156	0.0540964544770113
60.00	0.8905	0.1095	0.04916040103223132
61.00	0.8967	0.1033	0.0444447209738909
62.00	0.9029	0.0971	0.03996802493679096
63.00	0.9091	0.0909	0.0357479803949821
64.00	0.9151	0.0849	0.03180124193631587
65.00	0.9211	0.0789	0.028143385534392794
66.00	0.9268	0.0732	0.02478884707731863
67.00	0.9323	0.0677	0.02175086539584052
68.00	0.9376	0.0624	0.01904143001573351
69.00	0.9426	0.0574	0.016671233840619654
70.00	0.9473	0.0527	0.014649630951962419
71.00	0.9517	0.0483	0.012984599692780912
72.00	0.9558	0.0442	0.011682711180774656
73.00	0.9595	0.0405	0.010749103375124285
74.00	0.9630	0.0370	0.010187460799313843
75.00	0.9662	0.0338	0.01
76.00	0.9691	0.0309	0.010187460799314941
77.00	0.9718	0.0282	0.01074910337512647
78.00	0.9742	0.0258	0.011682711180777926
79.00	0.9764	0.0236	0.012984599692785249
80.00	0.9783	0.0217	0.01464963095196784
81.00	0.9801	0.0199	0.01667123384062607
82.00	0.9817	0.0183	0.019041430015740966
83.00	0.9831	0.0169	0.021750865395848917
84.00	0.9843	0.0157	0.024788847077327973
85.00	0.9854	0.0146	0.02814338553440309
86.00	0.9864	0.0136	0.03180124193632699
87.00	0.9873	0.0127	0.03574798039499698
88.00	0.9881	0.0119	0.03996802493680985
89.00	0.9888	0.0112	0.044444720973914144
90.00	0.9893	0.0107	0.0491604010322592
91.00	0.9899	0.0101	0.054096454477043934
92.00	0.9903	0.0097	0.05923340096039022
93.00	0.9907	0.0093	0.0645509673013757
94.00	0.9910	0.0090	0.07002816749501765
95.00	0.9912	0.0088	0.07564338553444633
96.00	0.9914	0.0086	0.08137446071940935
97.00	0.9915	0.0085	0.08719877511443075
98.00	0.9916	0.0084	0.0930933428114694
99.00	0.9917	0.0083	0.09903490064479709
100.00	0.9917	0.0083	0.10500000000008503
101.00	0.9916	0.0084	0.11096509935537271
102.00	0.9915	0.0085	0.1169066571886994
103.00	0.9913	0.0087	0.12280122488573637
104.00	0.9911	0.0089	0.12862553928075543
105.00	0.9908	0.0092	0.1343566144657154
106.00	0.9905	0.0095	0.13997183250514053
107.00	0.9901	0.0099	0.14544903269877826
108.00	0.9896	0.0104	0.1507665990397589
109.00	0.9891	0.0109	0.15590354552309973
110.00	0.9885	0.0115	0.16083959896787847
111.00	0.9877	0.0123	0.16555527902621697
112.00	0.9869	0.0131	0.1700319750633142
113.00	0.9859	0.0141	0.1742520196051195
114.00	0.9849	0.0151	0.17819875806378146
115.00	0.9837	0.0163	0.18185661446569693
116.00	0.9823	0.0177	0.18521115292276322
117.00	0.9808	0.0192	0.18824913460423306
118.00	0.9790	0.0210	0.19095856998433147
119.00	0.9771	0.0229	0.1933287661594366
120.00	0.9750	0.0250	0.19535036904808475
121.00	0.9726	0.0274	0.19701540030725706
122.00	0.9699	0.0301	0.19831728881925398
123.00	0.9670	0.0330	0.19925089662489487
124.00	0.9638	0.0362	0.19981253920069575
125.00	0.9603	0.0397	0.2
126.00	0.9565	0.0435	0.1998125392006755
127.00	0.9524	0.0476	0.1992508966248544
128.00	0.9480	0.0520	0.1983172888191935
129.00	0.9432	0.0568	0.1970154003071789
130.00	0.9382	0.0618	0.1953503690479903
131.00	0.9330	0.0670	0.19332876615932715
132.00	0.9275	0.0725	0.19095856998420854
133.00	0.9218	0.0782	0.18824913460409803
134.00	0.9160	0.0840	0.18521115292261758
135.00	0.9101	0.0899	0.1818566144655422
136.00	0.9042	0.0958	0.17819875806361904
137.00	0.8984	0.1016	0.1742520196049509
138.00	0.8928	0.1072	0.17003197506314077
139.00	0.8873	0.1127	0.16555527902604023
140.00	0.8822	0.1178	0.1608395989676998
141.00	0.8775	0.1225	0.15590354552292038
142.00	0.8732	0.1268	0.15076659903958023
143.00	0.8695	0.1305	0.1454490326986014
144.00	0.8663	0.1337	0.13997183250496675
145.00	0.8638	0.1362	0.13435661446554573
146.00	0.8620	0.1380	0.1286255392805908
147.00	0.8608	0.1392	0.12280122488557779
148.00	0.8604	0.1396	0.1169066571885476
149.00	0.8607	0.1393	0.11096509935522851
150.00	0.8616	0.1384	0.10499999999994906
151.00	0.8633	0.1367	0.09903490064466983
152.00	0.8656	0.1344	0.09309334281135136
153.00	0.8685	0.1315	0.08719877511432214
154.00	0.8720	0.1280	0.08137446071931052
155.00	0.8759	0.1241	0.07564338553435723
156.00	0.8803	0.1197	0.07002816749493841
157.00	0.8851	0.1149	0.06455096730130629
158.00	0.8901	0.1099	0.05923340096033037
159.00	0.8954	0.1046	0.054096454476993475
160.00	0.9009	0.0991	0.04916040103221768
161.00	0.9065	0.0935	0.04444472097388116
162.00	0.9121	0.0879	0.03996802493678486
163.00	0.9176	0.0824	0.035747980394979284
164.00	0.9231	0.0769	0.03180124193631595
165.00	0.9285	0.0715	0.028143385534397873
166.00	0.9337	0.0663	0.024788847077327772
167.00	0.9387	0.0613	0.02175086539585285
168.00	0.9434	0.0566	0.019041430015748033
169.00	0.9479	0.0521	0.01667123384063532
170.00	0.9522	0.0478	0.014649630951978208
171.00	0.9562	0.0438	0.012984599692795721
172.00	0.9599	0.0401	0.011682711180787408
173.00	0.9633	0.0367	0.010749103375133863
174.00	0.9665	0.0335	0.010187460799319181
175.00	0.9694	0.0306	0.01
176.00	0.9720	0.0280	0.010187460799308538
177.00	0.9744	0.0256	0.010749103375112621
178.00	0.9766	0.0234	0.01168271118075564
179.00	0.9786	0.0214	0.012984599692753564
180.00	0.9803	0.0197	0.01464963095192582
181.00	0.9819	0.0181	0.01667123384057291
182.00	0.9834	0.0166	0.019041430015675858
183.00	0.9846	0.0154	0.021750865395771188
184.00	0.9858	0.0142	0.024788847077236956
185.00	0.9868	0.0132	0.02814338553429823
186.00	0.9877	0.0123	0.03180124193620789
187.00	0.9885	0.0115	0.035747980394863245
188.00	0.9892	0.0108	0.03996802493666142
189.00	0.9898	0.0102	0.044444720973750684
190.00	0.9903	0.0097	0.049160401032080685
191.00	0.9908	0.0092	0.0540964544768505
192.00	0.9912	0.0088	0.059233400960181974
193.00	0.9915	0.0085	0.06455096730115306
194.00	0.9918	0.0082	0.07002816749478094
195.00	0.9920	0.0080	0.07564338553419618
196.00	0.9922	0.0078	0.08137446071914634
197.00	0.9923	0.0077	0.08719877511415564
198.00	0.9924	0.0076	0.09309334281118317
199.00	0.9924	0.0076	0.09903490064450064
200.00	0.9924	0.0076	0.10499999999977956
201.00	0.9924	0.0076	0.11096509935505951
202.00	0.9923	0.0077	0.11690665718837959
203.00	0.9921	0.0079	0.12280122488541145
204.00	0.9919	0.0081	0.1286255392804268
205.00	0.9917	0.0083	0.1343566144653847
206.00	0.9914	0.0086	0.1399718325048093
207.00	0.9910	0.0090	0.1454490326984482
208.00	0.9906	0.0094	0.15076659903943185
209.00	0.9901	0.0099	0.1559035455227774
210.00	0.9895	0.0105	0.1608395989675628
211.00	0.9888	0.0112	0.16555527902590975
212.00	0.9881	0.0119	0.17003197506301732
213.00	0.9872	0.0128	0.17425201960483497
214.00	0.9862	0.0138	0.1781987580635111
215.00	0.9851	0.0149	0.18185661446544263
216.00	0.9839	0.0161	0.18521115292252682
217.00	0.9825	0.0175	0.18824913460401643
218.00	0.9809	0.0191	0.19095856998413643
219.00	0.9791	0.0209	0.19332876615926478
220.00	0.9772	0.0228	0.19535036904793793
221.00	0.9750	0.0250	0.19701540030713682
222.00	0.9726	0.0274	0.19831728881916175
223.00	0.9699	0.0301	0.19925089662483214
224.00	0.9669	0.0331	0.19981253920066377
225.00	0.9637	0.0363	0.2
226.00	0.9602	0.0398	0.19981253920070852
227.00	0.9564	0.0436	0.1992508966249214
228.00	0.9523	0.0477	0.1983172888192952
229.00	0.9479	0.0521	0.1970154003073139
230.00	0.9433	0.0567	0.195350369048158
231.00	0.9384	0.0616	0.19332876615952693
232.00	0.9333	0.0667	0.1909585699844396
233.00	0.9280	0.0720	0.18824913460435946
234.00	0.9225	0.0775	0.18521115292290838
235.00	0.9170	0.0830	0.18185661446586115
236.00	0.9115	0.0885	0.17819875806396498
237.00	0.9060	0.0940	0.1742520196053224
238.00	0.9006	0.0994	0.1700319750635364
239.00	0.8955	0.1045	0.16555527902645842
240.00	0.8906	0.1094	0.16083959896813887
241.00	0.8860	0.1140	0.15590354552337865
242.00	0.8819	0.1181	0.15076659904005585
243.00	0.8783	0.1217	0.14544903269909248
244.00	0.8752	0.1248	0.13997183250547135
245.00	0.8727	0.1273	0.1343566144660619
246.00	0.8708	0.1292	0.1286255392811165
247.00	0.8696	0.1304	0.12280122488611092
248.00	0.8690	0.1310	0.11690665718908605
249.00	0.8691	0.1309	0.11096509935577017
250.00	0.8699	0.1301	0.10500000000049181
251.00	0.8714	0.1286	0.09903490064521149
252.00	0.8735	0.1265	0.0930933428118898
253.00	0.8761	0.1239	0.08719877511485527
254.00	0.8793	0.1207	0.0813744607198362
255.00	0.8830	0.1170	0.07564338553487357
256.00	0.8870	0.1130	0.07002816749544317
257.00	0.8915	0.1085	0.06455096730179752
258.00	0.8962	0.1038	0.05923340096080612
259.00	0.9012	0.0988	0.054096454477451865
260.00	0.9063	0.0937	0.0491604010326569
261.00	0.9116	0.0884	0.04444472097429948
262.00	0.9168	0.0832	0.03996802493718062
263.00	0.9221	0.0779	0.035747980395350924
264.00	0.9273	0.0727	0.031801241936662006
265.00	0.9323	0.0677	0.028143385534716986
266.00	0.9373	0.0627	0.024788847077618675
267.00	0.9420	0.0580	0.02175086539611439
268.00	0.9465	0.0535	0.019041430015979195
269.00	0.9507	0.0493	0.016671233840835176
270.00	0.9548	0.0452	0.01464963095214597
271.00	0.9585	0.0415	0.012984599692930735
272.00	0.9620	0.0380	0.011682711180889135
273.00	0.9653	0.0347	0.010749103375201912
274.00	0.9683	0.0317	0.010187460799353268
275.00	0.9710	0.0290	0.01
276.00	0.9735	0.0265	0.01018746079927445
277.00	0.9758	0.0242	0.010749103375044582
278.00	0.9778	0.0222	0.011682711180653976
279.00	0.9797	0.0203	0.012984599692618625
280.00	0.9814	0.0186	0.014649630951758162
281.00	0.9829	0.0171	0.01667123384037318
282.00	0.9843	0.0157	0.019041430015444845
283.00	0.9855	0.0145	0.021750865395509807
284.00	0.9865	0.0135	0.024788847076946223
285.00	0.9875	0.0125	0.028143385533979326
286.00	0.9884	0.0116	0.031801241935862055
287.00	0.9891	0.0109	0.035747980394491834
288.00	0.9898	0.0102	0.03996802493626578
289.00	0.9903	0.0097	0.044444720973332505
290.00	0.9909	0.0091	0.0491604010316416
291.00	0.9913	0.0087	0.05409645447639225
292.00	0.9917	0.0083	0.05923340095970637
293.00	0.9920	0.0080	0.06455096730066198
294.00	0.9922	0.0078	0.07002816749427632
295.00	0.9925	0.0075	0.07564338553368001
296.00	0.9926	0.0074	0.08137446071862064
297.00	0.9927	0.0073	0.0871987751136225
298.00	0.9928	0.0072	0.09309334281064471
299.00	0.9928	0.0072	0.09903490064395898
300.00	0.9928	0.0072	0.10499999999923681
301.00	0.9928	0.0072	0.11096509935451769
302.00	0.9927	0.0073	0.11690665718784096
303.00	0.9925	0.0075	0.12280122488487817
304.00	0.9924	0.0076	0.12862553927990095
305.00	0.9921	0.0079	0.13435661446486835
306.00	0.9918	0.0082	0.1399718325043045
307.00	0.9915	0.0085	0.14544903269795695
308.00	0.9911	0.0089	0.1507665990389561
309.00	0.9906	0.0094	0.15590354552231903
310.00	0.9901	0.0099	0.16083959896712358
311.00	0.9894	0.0106	0.16555527902549144
312.00	0.9887	0.0113	0.17003197506262155
313.00	0.9879	0.0121	0.17425201960446332
314.00	0.9870	0.0130	0.178198758063165
315.00	0.9859	0.0141	0.18185661446512352
316.00	0.9847	0.0153	0.18521115292223592
317.00	0.9834	0.0166	0.1882491346037549
318.00	0.9819	0.0181	0.19095856998390529
319.00	0.9802	0.0198	0.19332876615906494
320.00	0.9783	0.0217	0.1953503690477702
321.00	0.9763	0.0237	0.19701540030700182
322.00	0.9739	0.0261	0.19831728881906002
323.00	0.9714	0.0286	0.19925089662476408
324.00	0.9686	0.0314	0.1998125392006297
325.00	0.9655	0.0345	0.2
326.00	0.9622	0.0378	0.19981253920074263
327.00	0.9585	0.0415	0.19925089662498946
328.00	0.9546	0.0454	0.19831728881939695
329.00	0.9504	0.0496	0.19701540030744896
330.00	0.9460	0.0540	0.1953503690483258
331.00	0.9413	0.0587	0.19332876615972683
332.00	0.9364	0.0636	0.19095856998467084
333.00	0.9313	0.0687	0.18824913460462112
334.00	0.9260	0.0740	0.18521115292319937
335.00	0.9207	0.0793	0.1818566144661804
336.00	0.9154	0.0846	0.17819875806431115
337.00	0.9101	0.0899	0.17425201960569417
338.00	0.9049	0.0951	0.1700319750639323
339.00	0.8998	0.1002	0.16555527902687686
340.00	0.8951	0.1049	0.16083959896857822
341.00	0.8906	0.1094	0.1559035455238372
342.00	0.8866	0.1134	0.15076659904053175
343.00	0.8830	0.1170	0.14544903269958387
344.00	0.8800	0.1200	0.139971832505976
345.00	0.8775	0.1225	0.13435661446657807
346.00	0.8756	0.1244	0.1286255392816422
347.00	0.8744	0.1256	0.12280122488664404
348.00	0.8738	0.1262	0.11690665718962451
349.00	0.8738	0.1262	0.11096509935631185
350.00	0.8745	0.1255	0.10500000000103454
351.00	0.8759	0.1241	0.09903490064575315
352.00	0.8778	0.1222	0.09309334281242826
353.00	0.8803	0.1197	0.08719877511538839
354.00	0.8833	0.1167	0.08137446072036189
355.00	0.8869	0.1131	0.07564338553538974
356.00	0.8908	0.1092	0.07002816749594781
357.00	0.8951	0.1049	0.0645509673022886
358.00	0.8996	0.1004	0.05923340096128172
359.00	0.9044	0.0956	0.054096454477910116
360.00	0.9094	0.0906	0.049160401033095984
361.00	0.9144	0.0856	0.04444472097471767
362.00	0.9195	0.0805	0.03996802493757626
363.00	0.9246	0.0754	0.03574798039572246
364.00	0.9296	0.0704	0.03180124193700795
365.00	0.9345	0.0655	0.028143385535035995
366.00	0.9392	0.0608	0.02478884707790949
367.00	0.9438	0.0562	0.021750865396375864
368.00	0.9482	0.0518	0.01904143001621028
369.00	0.9523	0.0477	0.01667123384103497
370.00	0.9562	0.0438	0.01464963095231369
371.00	0.9598	0.0402	0.012984599693065707
372.00	0.9632	0.0368	0.01168271118099083
373.00	0.9664	0.0336	0.010749103375269931
374.00	0.9693	0.0307	0.010187460799387347
375.00	0.9719	0.0281	0.01
376.00	0.9743	0.0257	0.010187460799240372
377.00	0.9765	0.0235	0.010749103374976553
378.00	0.9785	0.0215	0.011682711180552207
379.00	0.9804	0.0196	0.012984599692483568
380.00	0.9820	0.0180	0.014649630951590338
381.00	0.9834	0.0166	0.016671233840173258
382.00	0.9848	0.0152	0.01904143001521362
383.00	0.9859	0.0141	0.021750865395248176
384.00	0.9870	0.0130	0.024788847076655237
385.00	0.9879	0.0121	0.02814338553366011
386.00	0.9887	0.0113	0.03180124193551589
387.00	0.9894	0.0106	0.035747980394120075
388.00	0.9901	0.0099	0.0399680249358699
389.00	0.9906	0.0094	0.044444720972914055
390.00	0.9911	0.0089	0.04916040103120225
391.00	0.9916	0.0084	0.05409645447593371
392.00	0.9919	0.0081	0.05923340095923047
393.00	0.9922	0.0078	0.0645509673001706
394.00	0.9925	0.0075	0.07002816749377139
395.00	0.9927	0.0073	0.07564338553316352
396.00	0.9928	0.0072	0.08137446071809463
397.00	0.9930	0.0070	0.08719877511308906
398.00	0.9930	0.0070	0.09309334281010592
399.00	0.9931	0.0069	0.09903490064341698
400.00	0.9931	0.0069	0.10499999999869375
401.00	0.9930	0.0070	0.110965099353976
402.00	0.9929	0.0071	0.11690665718730249
403.00	0.9928	0.0072	0.12280122488434504
404.00	0.9926	0.0074	0.12862553927937526
405.00	0.9924	0.0076	0.13435661446435215
406.00	0.9921	0.0079	0.13997183250379988
407.00	0.9918	0.0082	0.14544903269746587
408.00	0.9914	0.0086	0.1507665990384805
409.00	0.9909	0.0091	0.15590354552186078
410.00	0.9904	0.0096	0.16083959896668448
411.00	0.9898	0.0102	0.16555527902507325
412.00	0.9891	0.0109	0.17003197506222592
413.00	0.9883	0.0117	0.17425201960409178
414.00	0.9874	0.0126	0.17819875806281907
415.00	0.9863	0.0137	0.18185661446480453
416.00	0.9852	0.0148	0.18521115292194512
417.00	0.9839	0.0161	0.1882491346034934
418.00	0.9824	0.0176	0.1909585699836742
419.00	0.9808	0.0192	0.19332876615886513
420.00	0.9790	0.0210	0.19535036904760247
421.00	0.9770	0.0230	0.19701540030686682
422.00	0.9747	0.0253	0.19831728881895833
423.00	0.9722	0.0278	0.19925089662469608
424.00	0.9695	0.0305	0.19981253920059563
425.00	0.9665	0.0335	0.2
426.00	0.9633	0.0367	0.19981253920077666
427.00	0.9597	0.0403	0.19925089662505743
428.00	0.9559	0.0441	0.1983172888194986
429.00	0.9518	0.0482	0.19701540030758383
430.00	0.9475	0.0525	0.19535036904849343
431.00	0.9429	0.0571	0.19332876615992653
432.00	0.9381	0.0619	0.1909585699849018
433.00	0.9331	0.0669	0.1882491346048824
434.00	0.9280	0.0720	0.18521115292349
435.00	0.9228	0.0772	0.1818566144664992
436.00	0.9176	0.0824	0.17819875806465688
437.00	0.9124	0.0876	0.17425201960606546
438.00	0.9073	0.0927	0.1700319750643277
439.00	0.9023	0.0977	0.16555527902729478
440.00	0.8977	0.1023	0.16083959896901706
441.00	0.8933	0.1067	0.15590354552429514
442.00	0.8893	0.1107	0.15076659904100703
443.00	0.8858	0.1142	0.14544903270007467
444.00	0.8827	0.1173	0.13997183250648063
445.00	0.8802	0.1198	0.13435661446709424
446.00	0.8784	0.1216	0.12862553928216788
447.00	0.8771	0.1229	0.12280122488717715
448.00	0.8765	0.1235	0.11690665719016295
449.00	0.8765	0.1235	0.11096509935685352
450.00	0.8771	0.1229	0.10500000000157728
451.00	0.8784	0.1216	0.09903490064629482
452.00	0.8803	0.1197	0.09309334281296672
453.00	0.8827	0.1173	0.08719877511592151
454.00	0.8857	0.1143	0.08137446072088757
455.00	0.8891	0.1109	0.07564338553590591
456.00	0.8929	0.1071	0.07002816749645242
457.00	0.8971	0.1029	0.06455096730277968
458.00	0.9016	0.0984	0.05923340096175733
459.00	0.9063	0.0937	0.054096454478368354
460.00	0.9111	0.0889	0.04916040103353507
461.00	0.9161	0.0839	0.04444472097513585
462.00	0.9210	0.0790	0.0399680249379719
463.00	0.9260	0.0740	0.03574798039609399
464.00	0.9309	0.0691	0.03180124193735391
465.00	0.9357	0.0643	0.02814338553535501
466.00	0.9404	0.0596	0.024788847078200307
467.00	0.9449	0.0551	0.021750865396637325
468.00	0.9491	0.0509	0.019041430016441367
469.00	0.9532	0.0468	0.016671233841234763
470.00	0.9570	0.0430	0.0146496309524814
471.00	0.9606	0.0394	0.012984599693200677
472.00	0.9639	0.0361	0.011682711181092525
473.00	0.9670	0.0330	0.01074910337533796
474.00	0.9698	0.0302	0.010187460799421424
475.00	0.9724	0.0276	0.01
476.00	0.9748	0.0252	0.010187460799206294
477.00	0.9770	0.0230	0.010749103374908534
478.00	0.9789	0.0211	0.01168271118045051
479.00	0.9807	0.0193	0.012984599692348598
480.00	0.9823	0.0177	0.014649630951422628
481.00	0.9838	0.0162	0.016671233839973466
482.00	0.9850	0.0150	0.019041430014982534
483.00	0.9862	0.0138	0.02175086539498671
484.00	0.9872	0.0128	0.02478884707636442
485.00	0.9881	0.0119	0.0281433855333411
486.00	0.9889	0.0111	0.03180124193516993
487.00	0.9896	0.0104	0.035747980393748546
488.00	0.9903	0.0097	0.03996802493547426
489.00	0.9908	0.0092	0.044444720972495876
490.00	0.9913	0.0087	0.04916040103076316
491.00	0.9917	0.0083	0.05409645447547547
492.00	0.9921	0.0079	0.05923340095875516
493.00	0.9924	0.0076	0.06455096729967981
494.00	0.9926	0.0074	0.07002816749326708
495.00	0.9928	0.0072	0.07564338553264767
496.00	0.9930	0.0070	0.08137446071756928
497.00	0.9931	0.0069	0.08719877511255628
498.00	0.9932	0.0068	0.09309334280956781
499.00	0.9932	0.0068	0.09903490064287565
500.00	0.9932	0.0068	0.10499999999815135
501.00	0.9931	0.0069	0.11096509935343435
502.00	0.9930	0.0070	0.11690665718676405
503.00	0.9929	0.0071	0.12280122488381193
504.00	0.9927	0.0073	0.12862553927884957
505.00	0.9925	0.0075	0.134356614463836
506.00	0.9922	0.0078	0.13997183250329528
507.00	0.9919	0.0081	0.1454490326969748
508.00	0.9915	0.0085	0.15076659903800488
509.00	0.9911	0.0089	0.15590354552140254
510.00	0.9905	0.0095	0.16083959896624514
511.00	0.9899	0.0101	0.16555527902465506
512.00	0.9893	0.0107	0.17003197506183004
513.00	0.9885	0.0115	0.17425201960372025
514.00	0.9876	0.0124	0.17819875806247293
515.00	0.9866	0.0134	0.18185661446448548
516.00	0.9855	0.0145	0.18521115292165413
517.00	0.9842	0.0158	0.18824913460323195
518.00	0.9827	0.0173	0.19095856998344296
519.00	0.9811	0.0189	0.19332876615866534
520.00	0.9794	0.0206	0.19535036904743464
521.00	0.9774	0.0226	0.19701540030673184
522.00	0.9752	0.0248	0.19831728881885655
523.00	0.9727	0.0273	0.19925089662462805
524.00	0.9701	0.0299	0.19981253920056152
525.00	0.9671	0.0329	0.2
526.00	0.9639	0.0361	0.19981253920081074
527.00	0.9604	0.0396	0.1992508966251255
528.00	0.9567	0.0433	0.19831728881960028
529.00	0.9527	0.0473	0.19701540030771889
530.00	0.9484	0.0516	0.19535036904866113
531.00	0.9439	0.0561	0.19332876616012645
532.00	0.9391	0.0609	0.1909585699851329
533.00	0.9342	0.0658	0.18824913460514403
534.00	0.9292	0.0708	0.18521115292378082
535.00	0.9240	0.0760	0.18185661446681842
536.00	0.9189	0.0811	0.17819875806500282
537.00	0.9137	0.0863	0.17425201960643724
538.00	0.9087	0.0913	0.1700319750647233
539.00	0.9038	0.0962	0.16555527902771325
540.00	0.8992	0.1008	0.1608395989694561
541.00	0.8948	0.1052	0.15590354552475366
542.00	0.8909	0.1091	0.15076659904148265
543.00	0.8874	0.1126	0.14544903270056606
544.00	0.8843	0.1157	0.13997183250698525
545.00	0.8819	0.1181	0.13435661446761074
546.00	0.8800	0.1200	0.12862553928269355
547.00	0.8787	0.1213	0.12280122488771063
548.00	0.8781	0.1219	0.11690665719070141
549.00	0.8781	0.1219	0.11096509935739551
550.00	0.8787	0.1213	0.10500000000212001
551.00	0.8799	0.1201	0.09903490064683682
552.00	0.8818	0.1182	0.09309334281350518
553.00	0.8842	0.1158	0.08719877511645496
554.00	0.8871	0.1129	0.08137446072141326
555.00	0.8904	0.1096	0.0756433855364224
556.00	0.8942	0.1058	0.07002816749695705
557.00	0.8983	0.1017	0.06455096730327106
558.00	0.9027	0.0973	0.059233400962232924
559.00	0.9073	0.0927	0.05409645447882689
560.00	0.9121	0.0879	0.04916040103397414
561.00	0.9170	0.0830	0.0444447209755543
562.00	0.9220	0.0780	0.039968024938367534
563.00	0.9269	0.0731	0.03574798039646575
564.00	0.9317	0.0683	0.03180124193769987
565.00	0.9365	0.0635	0.02814338553567422
566.00	0.9411	0.0589	0.024788847078491112
567.00	0.9455	0.0545	0.021750865396898945
568.00	0.9497	0.0503	0.019041430016672453
569.00	0.9537	0.0463	0.016671233841434673
570.00	0.9575	0.0425	0.01464963095264912
571.00	0.9610	0.0390	0.012984599693335734
572.00	0.9643	0.0357	0.011682711181194232
573.00	0.9674	0.0326	0.01074910337540602
574.00	0.9702	0.0298	0.010187460799455513
575.00	0.9728	0.0272	0.01
576.00	0.9751	0.0249	0.010187460799172217
577.00	0.9772	0.0228	0.010749103374840462
578.00	0.9792	0.0208	0.011682711180348816
579.00	0.9809	0.0191	0.012984599692213541
580.00	0.9825	0.0175	0.014649630951254919
581.00	0.9839	0.0161	0.016671233839773557
582.00	0.9852	0.0148	0.019041430014751448
583.00	0.9863	0.0137	0.02175086539472508
584.00	0.9874	0.0126	0.02478884707607361
585.00	0.9883	0.0117	0.02814338553302189
586.00	0.9891	0.0109	0.031801241934823976
587.00	0.9898	0.0102	0.03574798039337679
588.00	0.9904	0.0096	0.039968024935078623
589.00	0.9909	0.0091	0.044444720972077426
590.00	0.9914	0.0086	0.04916040103032407
591.00	0.9918	0.0082	0.05409645447501751
592.00	0.9922	0.0078	0.059233400958279274
593.00	0.9925	0.0075	0.06455096729918873
594.00	0.9927	0.0073	0.07002816749276214
595.00	0.9929	0.0071	0.07564338553213149
596.00	0.9931	0.0069	0.08137446071704327
597.00	0.9932	0.0068	0.08719877511202315
598.00	0.9932	0.0068	0.093093342809029
599.00	0.9933	0.0067	0.09903490064233399
600.00	0.9933	0.0067	0.10499999999760828
601.00	0.9932	0.0068	0.11096509935289268
602.00	0.9931	0.0069	0.11690665718622525
603.00	0.9930	0.0070	0.12280122488327878
604.00	0.9928	0.0072	0.12862553927832357
605.00	0.9926	0.0074	0.13435661446331984
606.00	0.9923	0.0077	0.13997183250279033
607.00	0.9920	0.0080	0.1454490326964837
608.00	0.9916	0.0084	0.15076659903752898
609.00	0.9912	0.0088	0.1559035455209443
610.00	0.9906	0.0094	0.16083959896580605
611.00	0.9901	0.0099	0.1655552790242369
612.00	0.9894	0.0106	0.17003197506143441
613.00	0.9886	0.0114	0.17425201960334874
614.00	0.9877	0.0123	0.17819875806212696
615.00	0.9867	0.0133	0.1818566144641665
616.00	0.9856	0.0144	0.1852111529213633
617.00	0.9843	0.0157	0.1882491346029705
618.00	0.9829	0.0171	0.1909585699832119
619.00	0.9814	0.0186	0.19332876615846556
620.00	0.9796	0.0204	0.19535036904726694
621.00	0.9776	0.0224	0.1970154003065969
622.00	0.9754	0.0246	0.19831728881875488
623.00	0.9730	0.0270	0.19925089662456003
624.00	0.9704	0.0296	0.19981253920052747
625.00	0.9675	0.0325	0.2
626.00	0.9643	0.0357	0.19981253920084485
627.00	0.9608	0.0392	0.19925089662519352
628.00	0.9571	0.0429	0.1983172888197021
629.00	0.9531	0.0469	0.19701540030785386
630.00	0.9489	0.0511	0.19535036904882905
631.00	0.9444	0.0556	0.19332876616032624
632.00	0.9397	0.0603	0.19095856998536426
633.00	0.9349	0.0651	0.18824913460540552
634.00	0.9299	0.0701	0.185211152924072
635.00	0.9248	0.0752	0.18185661446713744
636.00	0.9196	0.0804	0.1781987580653492
637.00	0.9145	0.0855	0.17425201960680875
638.00	0.9095	0.0905	0.17003197506511944
639.00	0.9047	0.0953	0.16555527902813144
640.00	0.9000	0.1000	0.16083959896989575
641.00	0.8957	0.1043	0.15590354552521193
642.00	0.8918	0.1082	0.15076659904195885
643.00	0.8883	0.1117	0.14544903270105713
644.00	0.8853	0.1147	0.1399718325074905
645.00	0.8828	0.1172	0.1343566144681269
646.00	0.8809	0.1191	0.1286255392832199
647.00	0.8797	0.1203	0.12280122488824374
648.00	0.8790	0.1210	0.11690665719124053
649.00	0.8790	0.1210	0.11096509935793716
650.00	0.8796	0.1204	0.10500000000266342
651.00	0.8808	0.1192	0.09903490064737848
652.00	0.8826	0.1174	0.0930933428140443
653.00	0.8850	0.1150	0.08719877511698809
654.00	0.8879	0.1121	0.0813744607219396
655.00	0.8912	0.1088	0.07564338553693857
656.00	0.8949	0.1051	0.0700281674974623
657.00	0.8990	0.1010	0.06455096730376216
658.00	0.9034	0.0966	0.059233400962708536
659.00	0.9080	0.0920	0.05409645447928514
660.00	0.9127	0.0873	0.049160401034413236
661.00	0.9176	0.0824	0.044444720975972477
662.00	0.9225	0.0775	0.039968024938763176
663.00	0.9274	0.0726	0.03574798039683728
664.00	0.9322	0.0678	0.03180124193804582
665.00	0.9369	0.0631	0.02814338553599323
666.00	0.9415	0.0585	0.024788847078781928
667.00	0.9459	0.0541	0.02175086539716042
668.00	0.9501	0.0499	0.019041430016903532
669.00	0.9540	0.0460	0.016671233841634478
670.00	0.9578	0.0422	0.01464963095281683
671.00	0.9613	0.0387	0.012984599693470704
672.00	0.9646	0.0354	0.011682711181295926
673.00	0.9676	0.0324	0.010749103375474049
674.00	0.9704	0.0296	0.01018746079948959
675.00	0.9729	0.0271	0.01
676.00	0.9753	0.0247	0.010187460799138138
677.00	0.9774	0.0226	0.010749103374772445
678.00	0.9793	0.0207	0.01168271118024711
679.00	0.9811	0.0189	0.01298459969207857
680.00	0.9826	0.0174	0.014649630951087199
681.00	0.9840	0.0160	0.01667123383957375
682.00	0.9853	0.0147	0.01904143001452036
683.00	0.9864	0.0136	0.021750865394463616
684.00	0.9874	0.0126	0.0247888470757828
685.00	0.9883	0.0117	0.028143385532702875
686.00	0.9891	0.0109	0.03180124193447803
687.00	0.9898	0.0102	0.03574798039300526
688.00	0.9904	0.0096	0.03996802493468298
689.00	0.9910	0.0090	0.044444720971659246
690.00	0.9915	0.0085	0.049160401029885
691.00	0.9919	0.0081	0.05409645447455869
692.00	0.9922	0.0078	0.05923340095780366
693.00	0.9925	0.0075	0.06455096729869703
694.00	0.9928	0.0072	0.07002816749225751
695.00	0.9930	0.0070	0.07564338553161468
696.00	0.9931	0.0069	0.08137446071651758
697.00	0.9932	0.0068	0.08719877511148935
698.00	0.9933	0.0067	0.09309334280849056
699.00	0.9933	0.0067	0.09903490064179166
700.00	0.9933	0.0067	0.10499999999706555
701.00	0.9933	0.0067	0.11096509935235034
702.00	0.9932	0.0068	0.1169066571856868
703.00	0.9930	0.0070	0.12280122488274502
704.00	0.9929	0.0071	0.12862553927779788
705.00	0.9926	0.0074	0.134356614462803
706.00	0.9924	0.0076	0.1399718325022857
707.00	0.9920	0.0080	0.14544903269599202
708.00	0.9917	0.0083	0.1507665990370534
709.00	0.9912	0.0088	0.1559035455204855
710.00	0.9907	0.0093	0.16083959896536698
711.00	0.9901	0.0099	0.16555527902381817
712.00	0.9894	0.0106	0.17003197506103876
713.00	0.9887	0.0113	0.17425201960297673
714.00	0.9878	0.0122	0.178198758061781
715.00	0.9868	0.0132	0.1818566144638471
716.00	0.9857	0.0143	0.18521115292107249
717.00	0.9845	0.0155	0.1882491346027087
718.00	0.9830	0.0170	0.19095856998298077
719.00	0.9815	0.0185	0.19332876615826552
720.00	0.9797	0.0203	0.19535036904709924
721.00	0.9778	0.0222	0.19701540030646172
722.00	0.9756	0.0244	0.19831728881865315
723.00	0.9732	0.0268	0.1992508966244919
724.00	0.9706	0.0294	0.19981253920049336
725.00	0.9677	0.0323	0.2
726.00	0.9645	0.0355	0.19981253920087894
727.00	0.9611	0.0389	0.19925089662526152
728.00	0.9574	0.0426	0.19831728881980382
729.00	0.9534	0.0466	0.19701540030798884
730.00	0.9492	0.0508	0.19535036904899677
731.00	0.9448	0.0552	0.19332876616052602
732.00	0.9401	0.0599	0.19095856998559532
733.00	0.9353	0.0647	0.18824913460566697
734.00	0.9303	0.0697	0.1852111529243628
735.00	0.9252	0.0748	0.18185661446745643
736.00	0.9201	0.0799	0.17819875806569518
737.00	0.9150	0.0850	0.1742520196071803
738.00	0.9100	0.0900	0.1700319750655151
739.00	0.9052	0.0948	0.1655552790285496
740.00	0.9006	0.0994	0.16083959897033484
741.00	0.8963	0.1037	0.15590354552567015
742.00	0.8924	0.1076	0.15076659904243445
743.00	0.8889	0.1111	0.14544903270154821
744.00	0.8859	0.1141	0.1399718325079951
745.00	0.8834	0.1166	0.13435661446864308
746.00	0.8815	0.1185	0.1286255392837456
747.00	0.8802	0.1198	0.12280122488877686
748.00	0.8796	0.1204	0.11690665719177898
749.00	0.8796	0.1204	0.11096509935847884
750.00	0.8802	0.1198	0.10500000000320615
751.00	0.8814	0.1186	0.09903490064792014
752.00	0.8832	0.1168	0.09309334281458276
753.00	0.8855	0.1145	0.08719877511752121
754.00	0.8884	0.1116	0.08137446072246528
755.00	0.8917	0.1083	0.07564338553745474
756.00	0.8954	0.1046	0.07002816749796692
757.00	0.8995	0.1005	0.06455096730425323
758.00	0.9038	0.0962	0.059233400963184725
759.00	0.9084	0.0916	0.05409645447974338
760.00	0.9131	0.0869	0.049160401034852856
761.00	0.9179	0.0821	0.04444472097639067
762.00	0.9228	0.0772	0.039968024939159304
763.00	0.9277	0.0723	0.0357479803972088
764.00	0.9325	0.0675	0.0318012419383922
765.00	0.9372	0.0628	0.028143385536312245
766.00	0.9417	0.0583	0.0247888470790731
767.00	0.9461	0.0539	0.02175086539742188
768.00	0.9503	0.0497	0.019041430017134903
769.00	0.9542	0.0458	0.016671233841834273
770.00	0.9580	0.0420	0.01464963095298475
771.00	0.9615	0.0385	0.012984599693605676
772.00	0.9647	0.0353	0.011682711181397748
773.00	0.9677	0.0323	0.010749103375542067
774.00	0.9705	0.0295	0.01018746079952371
775.00	0.9731	0.0269	0.01
776.00	0.9754	0.0246	0.01018746079910401
777.00	0.9775	0.0225	0.010749103374704427
778.00	0.9794	0.0206	0.011682711180145288
779.00	0.9811	0.0189	0.012984599691943599
780.00	0.9827	0.0173	0.014649630950919278
781.00	0.9841	0.0159	0.016671233839373956
782.00	0.9854	0.0146	0.019041430014288985
783.00	0.9865	0.0135	0.02175086539420215
784.00	0.9875	0.0125	0.024788847075491626
785.00	0.9884	0.0116	0.028143385532383866
786.00	0.9892	0.0108	0.03180124193413164
787.00	0.9899	0.0101	0.03574798039263374
788.00	0.9905	0.0095	0.039968024934286854
789.00	0.9910	0.0090	0.04444472097124105
790.00	0.9915	0.0085	0.04916040102944536
791.00	0.9919	0.0081	0.05409645447410044
792.00	0.9922	0.0078	0.05923340095732806
793.00	0.9925	0.0075	0.06455096729820596
794.00	0.9928	0.0072	0.0700281674917529
795.00	0.9930	0.0070	0.0756433855310985
796.00	0.9931	0.0069	0.08137446071599189
797.00	0.9932	0.0068	0.08719877511095624
798.00	0.9933	0.0067	0.0930933428079521
799.00	0.9933	0.0067	0.09903490064124998
800.00	0.9933	0.0067	0.1049999999965228
801.00	0.9933	0.0067	0.11096509935180936
802.00	0.9932	0.0068	0.11690665718514835
803.00	0.9931	0.0069	0.12280122488221255
804.00	0.9929	0.0071	0.12862553927727222
805.00	0.9927	0.0073	0.13435661446228747
806.00	0.9924	0.0076	0.13997183250178108
807.00	0.9921	0.0079	0.14544903269550152
808.00	0.9917	0.0083	0.15076659903657777
809.00	0.9913	0.0087	0.15590354552002778
810.00	0.9907	0.0093	0.1608395989649279
811.00	0.9902	0.0098	0.1655552790234005
812.00	0.9895	0.0105	0.17003197506064313
813.00	0.9887	0.0113	0.17425201960260567
814.00	0.9879	0.0121	0.17819875806143504
815.00	0.9869	0.0131	0.18185661446352847
816.00	0.9858	0.0142	0.18521115292078166
817.00	0.9845	0.0155	0.18824913460244758
818.00	0.9831	0.0169	0.1909585699827497
819.00	0.9815	0.0185	0.19332876615806596
820.00	0.9798	0.0202	0.1953503690469317
821.00	0.9779	0.0221	0.19701540030632692
822.00	0.9757	0.0243	0.19831728881855162
823.00	0.9733	0.0267	0.19925089662442397
824.00	0.9707	0.0293	0.19981253920045933
825.00	0.9678	0.0322	0.2
826.00	0.9646	0.0354	0.19981253920091296
827.00	0.9612	0.0388	0.19925089662532955
828.00	0.9576	0.0424	0.19831728881990537
829.00	0.9536	0.0464	0.1970154003081238
830.00	0.9494	0.0506	0.19535036904916428
831.00	0.9450	0.0550	0.1933287661607258
832.00	0.9403	0.0597	0.19095856998582614
833.00	0.9355	0.0645	0.18824913460592843
834.00	0.9305	0.0695	0.18521115292465326
835.00	0.9255	0.0745	0.18185661446777546
836.00	0.9204	0.0796	0.1781987580660407
837.00	0.9153	0.0847	0.17425201960755182
838.00	0.9103	0.0897	0.17003197506591022
839.00	0.9055	0.0945	0.1655552790289678
840.00	0.9009	0.0991	0.16083959897077335
841.00	0.8966	0.1034	0.1559035455261284
842.00	0.8927	0.1073	0.15076659904290945
843.00	0.8892	0.1108	0.1454490327020393
844.00	0.8862	0.1138	0.1399718325084991
845.00	0.8838	0.1162	0.13435661446915925
846.00	0.8819	0.1181	0.12862553928427062
847.00	0.8806	0.1194	0.12280122488930999
848.00	0.8799	0.1201	0.11690665719231678
849.00	0.8799	0.1201	0.1109650993590205
850.00	0.8805	0.1195	0.1050000000037482
851.00	0.8817	0.1183	0.09903490064846181
852.00	0.8835	0.1165	0.09309334281512054
853.00	0.8858	0.1142	0.08719877511805434
854.00	0.8887	0.1113	0.0813744607229903
855.00	0.8920	0.1080	0.07564338553797093
856.00	0.8957	0.1043	0.0700281674984709
857.00	0.8997	0.1003	0.0645509673047443
858.00	0.9041	0.0959	0.059233400963659734
859.00	0.9086	0.0914	0.05409645448020163
860.00	0.9133	0.0867	0.049160401035291394
861.00	0.9182	0.0818	0.044444720976808856
862.00	0.9230	0.0770	0.039968024939554446
863.00	0.9279	0.0721	0.035747980397580335
864.00	0.9326	0.0674	0.03180124193873773
865.00	0.9373	0.0627	0.028143385536631253
866.00	0.9419	0.0581	0.02478884707936356
867.00	0.9462	0.0538	0.021750865397683346
868.00	0.9504	0.0496	0.019041430017365708
869.00	0.9544	0.0456	0.016671233842034068
870.00	0.9581	0.0419	0.01464963095315226
871.00	0.9616	0.0384	0.012984599693740648
872.00	0.9648	0.0352	0.011682711181499328
873.00	0.9678	0.0322	0.010749103375610086
874.00	0.9706	0.0294	0.010187460799557745
875.00	0.9731	0.0269	0.01
876.00	0.9754	0.0246	0.010187460799069972
877.00	0.9775	0.0225	0.010749103374636398
878.00	0.9795	0.0205	0.01168271118004372
879.00	0.9812	0.0188	0.012984599691808627
880.00	0.9828	0.0172	0.014649630950751768
881.00	0.9842	0.0158	0.01667123383917416
882.00	0.9854	0.0146	0.019041430014058194
883.00	0.9865	0.0135	0.02175086539394069
884.00	0.9875	0.0125	0.024788847075201167
885.00	0.9884	0.0116	0.028143385532064857
886.00	0.9892	0.0108	0.03180124193378612
887.00	0.9899	0.0101	0.035747980392262665
888.00	0.9905	0.0095	0.039968024933891705
889.00	0.9910	0.0090	0.044444720970823394
890.00	0.9915	0.0085	0.04916040102900683
891.00	0.9919	0.0081	0.05409645447364276
892.00	0.9923	0.0077	0.05923340095685246
893.00	0.9926	0.0074	0.06455096729771548
894.00	0.9928	0.0072	0.07002816749124828
895.00	0.9930	0.0070	0.07564338553058297
896.00	0.9932	0.0068	0.08137446071546621
897.00	0.9933	0.0067	0.08719877511042379
898.00	0.9933	0.0067	0.09309334280741365
899.00	0.9934	0.0066	0.099034900640709
900.00	0.9934	0.0066	0.10499999999598007
901.00	0.9933	0.0067	0.1109650993512677
902.00	0.9932	0.0068	0.1169066571846099
903.00	0.9931	0.0069	0.12280122488167942
904.00	0.9929	0.0071	0.12862553927674653
905.00	0.9927	0.0073	0.1343566144617713
906.00	0.9924	0.0076	0.13997183250127648
907.00	0.9921	0.0079	0.14544903269501047
908.00	0.9917	0.0083	0.15076659903610215
909.00	0.9913	0.0087	0.15590354551956956
910.00	0.9908	0.0092	0.1608395989644888
911.00	0.9902	0.0098	0.16555527902298234
912.00	0.9895	0.0105	0.1700319750602475
913.00	0.9887	0.0113	0.17425201960223413
914.00	0.9879	0.0121	0.1781987580610891
915.00	0.9869	0.0131	0.18185661446320944
916.00	0.9858	0.0142	0.18521115292049087
917.00	0.9846	0.0154	0.1882491346021861
918.00	0.9832	0.0168	0.1909585699825186
919.00	0.9816	0.0184	0.19332876615786618
920.00	0.9798	0.0202	0.19535036904676378
921.00	0.9779	0.0221	0.19701540030619197
922.00	0.9757	0.0243	0.19831728881844976
923.00	0.9734	0.0266	0.19925089662435597
924.00	0.9707	0.0293	0.19981253920042522
925.00	0.9679	0.0321	0.2
926.00	0.9647	0.0353	0.1998125392009471
927.00	0.9613	0.0387	0.19925089662539758
928.00	0.9577	0.0423	0.1983172888200072
929.00	0.9537	0.0463	0.1970154003082588
930.00	0.9495	0.0505	0.1953503690493322
931.00	0.9451	0.0549	0.19332876616092562
932.00	0.9405	0.0595	0.1909585699860575
933.00	0.9356	0.0644	0.1882491346061899
934.00	0.9307	0.0693	0.18521115292494442
935.00	0.9256	0.0744	0.18185661446809445
936.00	0.9205	0.0795	0.17819875806638708
937.00	0.9155	0.0845	0.17425201960792333
938.00	0.9105	0.0895	0.17003197506630638
939.00	0.9057	0.0943	0.165555279029386
940.00	0.9011	0.0989	0.160839598971213
941.00	0.8968	0.1032	0.15590354552658664
942.00	0.8929	0.1071	0.15076659904338566
943.00	0.8894	0.1106	0.14544903270253037
944.00	0.8864	0.1136	0.13997183250900436
945.00	0.8840	0.1160	0.13435661446967542
946.00	0.8821	0.1179	0.12862553928479695
947.00	0.8808	0.1192	0.1228012248898431
948.00	0.8801	0.1199	0.11690665719285591
949.00	0.8801	0.1199	0.11096509935956218
950.00	0.8807	0.1193	0.10500000000429162
951.00	0.8819	0.1181	0.09903490064900347
952.00	0.8837	0.1163	0.093093342815659
953.00	0.8860	0.1140	0.08719877511858745
954.00	0.8888	0.1112	0.08137446072351599
955.00	0.8921	0.1079	0.0756433855384871
956.00	0.8958	0.1042	0.07002816749897554
957.00	0.8999	0.1001	0.06455096730523541
958.00	0.9042	0.0958	0.059233400964135347
959.00	0.9088	0.0912	0.054096454480659875
960.00	0.9135	0.0865	0.049160401035730474
961.00	0.9183	0.0817	0.044444720977227035
962.00	0.9231	0.0769	0.03996802493995009
963.00	0.9280	0.0720	0.03574798039795186
964.00	0.9327	0.0673	0.03180124193908368
965.00	0.9374	0.0626	0.028143385536950262
966.00	0.9420	0.0580	0.024788847079654362
967.00	0.9463	0.0537	0.02175086539794481
968.00	0.9505	0.0495	0.019041430017596797
969.00	0.9544	0.0456	0.01667123384223386
970.00	0.9581	0.0419	0.01464963095331997
971.00	0.9616	0.0384	0.01298459969387563
972.00	0.9649	0.0351	0.011682711181601023
973.00	0.9679	0.0321	0.010749103375678115
974.00	0.9706	0.0294	0.010187460799591824
975.00	0.9732	0.0268	0.01
976.00	0.9755	0.0245	0.010187460799035895
977.00	0.9776	0.0224	0.01074910337456838
978.00	0.9795	0.0205	0.011682711179942025
979.00	0.9812	0.0188	0.012984599691673655
980.00	0.9828	0.0172	0.014649630950584058
981.00	0.9842	0.0158	0.01667123383897437
982.00	0.9854	0.0146	0.019041430013827104
983.00	0.9865	0.0135	0.021750865393679215
984.00	0.9875	0.0125	0.02478884707491035
985.00	0.9884	0.0116	0.02814338553174584
986.00	0.9892	0.0108	0.03180124193344017
987.00	0.9899	0.0101	0.03574798039189068
988.00	0.9905	0.0095	0.03996802493349608
989.00	0.9911	0.0089	0.04444472097040469
990.00	0.9915	0.0085	0.049160401028567745
991.00	0.9919	0.0081	0.05409645447318395
992.00	0.9923	0.0077	0.05923340095637686
993.00	0.9926	0.0074	0.06455096729722379
994.00	0.9928	0.0072	0.07002816749074364
995.00	0.9930	0.0070	0.07564338553006615
996.00	0.9932	0.0068	0.08137446071494053
997.00	0.9933	0.0067	0.08719877510988999
998.00	0.9933	0.0067	0.0930933428068752
999.00	0.9934	0.0066	0.09903490064016665
1000.00	0.9934	0.0066	0.10499999999543734
1001.00	0.9933	0.0067	0.11096509935072534
1002.00	0.9932	0.0068	0.11690665718407142
1003.00	0.9931	0.0069	0.12280122488114563
1004.00	0.9929	0.0071	0.12862553927622083
1005.00	0.9927	0.0073	0.1343566144612545
1006.00	0.9924	0.0076	0.13997183250077183
1007.00	0.9921	0.0079	0.14544903269451878
1008.00	0.9917	0.0083	0.1507665990356266
1009.00	0.9913	0.0087	0.15590354551911073
1010.00	0.9908	0.0092	0.16083959896404973
1011.00	0.9902	0.0098	0.16555527902256362
1012.00	0.9895	0.0105	0.17003197505985185
1013.00	0.9888	0.0112	0.17425201960186215
1014.00	0.9879	0.0121	0.17819875806074315
1015.00	0.9869	0.0131	0.18185661446289003
1016.00	0.9858	0.0142	0.18521115292020007
1017.00	0.9846	0.0154	0.1882491346019243
1018.00	0.9832	0.0168	0.19095856998228752
1019.00	0.9816	0.0184	0.1933287661576664
1020.00	0.9799	0.0201	0.1953503690465963
1021.00	0.9779	0.0221	0.19701540030605683
1022.00	0.9758	0.0242	0.19831728881834806
1023.00	0.9734	0.0266	0.19925089662428794
1024.00	0.9708	0.0292	0.1998125392003912
1025.00	0.9679	0.0321	0.2
1026.00	0.9648	0.0352	0.19981253920098116
1027.00	0.9614	0.0386	0.1992508966254656
1028.00	0.9577	0.0423	0.1983172888201088
1029.00	0.9538	0.0462	0.19701540030839393
1030.00	0.9496	0.0504	0.19535036904949993
1031.00	0.9452	0.0548	0.1933287661611254
1032.00	0.9405	0.0595	0.19095856998628832
1033.00	0.9357	0.0643	0.18824913460645168
1034.00	0.9308	0.0692	0.18521115292523524
1035.00	0.9257	0.0743	0.18185661446841347
1036.00	0.9206	0.0794	0.1781987580667326
1037.00	0.9156	0.0844	0.17425201960829534
1038.00	0.9106	0.0894	0.170031975066702
1039.00	0.9058	0.0942	0.16555527902980416
1040.00	0.9012	0.0988	0.16083959897165154
1041.00	0.8969	0.1031	0.15590354552704547
1042.00	0.8930	0.1070	0.15076659904386125
1043.00	0.8895	0.1105	0.14544903270302145
1044.00	0.8865	0.1135	0.13997183250950834
1045.00	0.8841	0.1159	0.13435661447019226
1046.00	0.8822	0.1178	0.12862553928532264
1047.00	0.8809	0.1191	0.12280122489037622
1048.00	0.8803	0.1197	0.1169066571933937
1049.00	0.8802	0.1198	0.11096509936010451
1050.00	0.8808	0.1192	0.10500000000483438
1051.00	0.8820	0.1180	0.09903490064954515
1052.00	0.8838	0.1162	0.09309334281619745
1053.00	0.8861	0.1139	0.08719877511912125
1054.00	0.8890	0.1110	0.08137446072404234
1055.00	0.8922	0.1078	0.07564338553900328
1056.00	0.8959	0.1041	0.07002816749948017
1057.00	0.9000	0.1000	0.06455096730572708
1058.00	0.9043	0.0957	0.05923340096461153
1059.00	0.9089	0.0911	0.05409645448111813
1060.00	0.9136	0.0864	0.04916040103616956
1061.00	0.9184	0.0816	0.04444472097764575
1062.00	0.9232	0.0768	0.039968024940346215
1063.00	0.9280	0.0720	0.03574798039832339
1064.00	0.9328	0.0672	0.031801241939429625
1065.00	0.9375	0.0625	0.028143385537269673
1066.00	0.9420	0.0580	0.02478884707994554
1067.00	0.9464	0.0536	0.021750865398206275
1068.00	0.9505	0.0495	0.019041430017827883
1069.00	0.9545	0.0455	0.016671233842433898
1070.00	0.9582	0.0418	0.0146496309534879
1071.00	0.9617	0.0383	0.012984599694010602
1072.00	0.9649	0.0351	0.011682711181702717
1073.00	0.9679	0.0321	0.010749103375746218
1074.00	0.9707	0.0293	0.010187460799625942
1075.00	0.9732	0.0268	0.01
1076.00	0.9755	0.0245	0.010187460799001817
1077.00	0.9776	0.0224	0.010749103374500265
1078.00	0.9795	0.0205	0.011682711179840191
1079.00	0.9812	0.0188	0.012984599691538673
1080.00	0.9828	0.0172	0.014649630950416338
1081.00	0.9842	0.0158	0.016671233838774332
1082.00	0.9854	0.0146	0.019041430013595734
1083.00	0.9866	0.0134	0.021750865393417754
1084.00	0.9876	0.0124	0.02478884707461955
1085.00	0.9884	0.0116	0.02814338553142723
1086.00	0.9892	0.0108	0.031801241933093784
1087.00	0.9899	0.0101	0.03574798039151915
1088.00	0.9905	0.0095	0.03996802493310044
1089.00	0.9911	0.0089	0.04444472096998702
1090.00	0.9915	0.0085	0.04916040102812812
1091.00	0.9919	0.0081	0.0540964544727257
1092.00	0.9923	0.0077	0.05923340095590125
1093.00	0.9926	0.0074	0.06455096729673332
1094.00	0.9928	0.0072	0.0700281674902384
1095.00	0.9930	0.0070	0.07564338552954998
1096.00	0.9932	0.0068	0.08137446071441484
1097.00	0.9933	0.0067	0.08719877510935753
1098.00	0.9933	0.0067	0.09309334280633606
1099.00	0.9934	0.0066	0.09903490063962499
1100.00	0.9934	0.0066	0.1049999999948946
1101.00	0.9933	0.0067	0.11096509935018435
1102.00	0.9932	0.0068	0.1169066571835323
1103.00	0.9931	0.0069	0.12280122488061251
1104.00	0.9929	0.0071	0.12862553927569514
1105.00	0.9927	0.0073	0.13435661446073896
1106.00	0.9924	0.0076	0.1399718325002666
1107.00	0.9921	0.0079	0.14544903269402767
1108.00	0.9917	0.0083	0.150766599035151
1109.00	0.9913	0.0087	0.15590354551865304
1110.00	0.9908	0.0092	0.16083959896361008
1111.00	0.9902	0.0098	0.16555527902214542
1112.00	0.9895	0.0105	0.17003197505945625
1113.00	0.9888	0.0112	0.1742520196014911
1114.00	0.9879	0.0121	0.17819875806039676
1115.00	0.9869	0.0131	0.181856614462571
1116.00	0.9858	0.0142	0.18521115291990925
1117.00	0.9846	0.0154	0.18824913460166315
1118.00	0.9832	0.0168	0.19095856998205615
1119.00	0.9816	0.0184	0.19332876615746633
1120.00	0.9799	0.0201	0.19535036904642836
1121.00	0.9780	0.0220	0.19701540030592202
1122.00	0.9758	0.0242	0.19831728881824626
1123.00	0.9734	0.0266	0.1992508966242198
1124.00	0.9708	0.0292	0.19981253920035705
1125.00	0.9679	0.0321	0.2
1126.00	0.9648	0.0352	0.19981253920101527
1127.00	0.9614	0.0386	0.19925089662553372
1128.00	0.9577	0.0423	0.1983172888202106
1129.00	0.9538	0.0462	0.19701540030852874
1130.00	0.9496	0.0504	0.19535036904966782
1131.00	0.9452	0.0548	0.19332876616132544
1132.00	0.9406	0.0594	0.19095856998651967
1133.00	0.9358	0.0642	0.18824913460671283
1134.00	0.9308	0.0692	0.1852111529255264
1135.00	0.9258	0.0742	0.18185661446873289
1136.00	0.9207	0.0793	0.178198758067079
1137.00	0.9156	0.0844	0.17425201960866638
1138.00	0.9107	0.0893	0.17003197506709813
1139.00	0.9059	0.0941	0.16555527903022288
1140.00	0.9013	0.0987	0.16083959897209116
1141.00	0.8970	0.1030	0.15590354552750316
1142.00	0.8931	0.1069	0.15076659904433745
1143.00	0.8896	0.1104	0.14544903270351314
1144.00	0.8866	0.1134	0.1399718325100136
1145.00	0.8842	0.1158	0.13435661447070776
1146.00	0.8823	0.1177	0.128625539285849
1147.00	0.8810	0.1190	0.12280122489091001
1148.00	0.8803	0.1197	0.11690665719393281
1149.00	0.8803	0.1197	0.1109650993606455
1150.00	0.8809	0.1191	0.10500000000537778
1151.00	0.8821	0.1179	0.09903490065008748
1152.00	0.8839	0.1161	0.09309334281673658
1153.00	0.8862	0.1138	0.0871987751196537
1154.00	0.8890	0.1110	0.08137446072456736
1155.00	0.8923	0.1077	0.07564338553952009
1156.00	0.8960	0.1040	0.07002816749998542
1157.00	0.9000	0.1000	0.06455096730621757
1158.00	0.9044	0.0956	0.05923340096508655
1159.00	0.9089	0.0911	0.05409645448157695
1160.00	0.9136	0.0864	0.04916040103660919
1161.00	0.9184	0.0816	0.044444720978063415
1162.00	0.9232	0.0768	0.039968024940741365
1163.00	0.9281	0.0719	0.035747980398695374
1164.00	0.9328	0.0672	0.031801241939776015
1165.00	0.9375	0.0625	0.028143385537588286
1166.00	0.9420	0.0580	0.024788847080235994
1167.00	0.9464	0.0536	0.021750865398468062
1168.00	0.9506	0.0494	0.019041430018059254
1169.00	0.9545	0.0455	0.01667123384263345
1170.00	0.9582	0.0418	0.0146496309536554
1171.00	0.9617	0.0383	0.012984599694145742
1172.00	0.9649	0.0351	0.01168271118180455
1173.00	0.9679	0.0321	0.010749103375814162
1174.00	0.9707	0.0293	0.01018746079965998
1175.00	0.9732	0.0268	0.01
1176.00	0.9755	0.0245	0.010187460798967698
1177.00	0.9776	0.0224	0.010749103374432332
1178.00	0.9795	0.0205	0.011682711179738623
1179.00	0.9812	0.0188	0.012984599691403533
1180.00	0.9828	0.0172	0.014649630950248417
1181.00	0.9842	0.0158	0.01667123383857478
1182.00	0.9854	0.0146	0.019041430013364932
1183.00	0.9866	0.0134	0.021750865393155964
1184.00	0.9876	0.0124	0.024788847074328373
1185.00	0.9885	0.0115	0.028143385531107824
1186.00	0.9892	0.0108	0.03180124193274826
1187.00	0.9899	0.0101	0.03574798039114716
1188.00	0.9905	0.0095	0.039968024932704314
1189.00	0.9911	0.0089	0.04444472096956832
1190.00	0.9915	0.0085	0.04916040102768958
1191.00	0.9919	0.0081	0.05409645447226689
1192.00	0.9923	0.0077	0.05923340095542505
1193.00	0.9926	0.0074	0.06455096729624162
1194.00	0.9928	0.0072	0.07002816748973441
1195.00	0.9930	0.0070	0.07564338552903317
1196.00	0.9932	0.0068	0.0813744607138885
1197.00	0.9933	0.0067	0.08719877510882375
1198.00	0.9934	0.0066	0.09309334280579828
1199.00	0.9934	0.0066	0.09903490063908266
1200.00	0.9934	0.0066	0.1049999999943512
1201.00	0.9933	0.0067	0.11096509934964202
1202.00	0.9932	0.0068	0.11690665718299452
1203.00	0.9931	0.0069	0.12280122488007873
1204.00	0.9929	0.0071	0.12862553927516882
1205.00	0.9927	0.0073	0.13435661446022215
1206.00	0.9924	0.0076	0.1399718324997626
1207.00	0.9921	0.0079	0.14544903269353598
1208.00	0.9917	0.0083	0.1507665990346748
1209.00	0.9913	0.0087	0.15590354551819421
1210.00	0.9908	0.0092	0.16083959896317154
1211.00	0.9902	0.0098	0.16555527902172673
1212.00	0.9895	0.0105	0.1700319750590601
1213.00	0.9888	0.0112	0.1742520196011191
1214.00	0.9879	0.0121	0.17819875806005123
1215.00	0.9869	0.0131	0.1818566144622516
1216.00	0.9858	0.0142	0.18521115291961807
1217.00	0.9846	0.0154	0.18824913460140139
1218.00	0.9832	0.0168	0.19095856998182537
1219.00	0.9816	0.0184	0.1933287661572668
1220.00	0.9799	0.0201	0.19535036904626044
1221.00	0.9780	0.0220	0.19701540030578688
1222.00	0.9758	0.0242	0.19831728881814467
1223.00	0.9734	0.0266	0.19925089662415188
1224.00	0.9708	0.0292	0.19981253920032294
1225.00	0.9680	0.0320	0.2
1226.00	0.9648	0.0352	0.19981253920104933
1227.00	0.9614	0.0386	0.19925089662560166
1228.00	0.9578	0.0422	0.19831728882031244
1229.00	0.9538	0.0462	0.19701540030866385
1230.00	0.9497	0.0503	0.19535036904983535
1231.00	0.9452	0.0548	0.193328766161525
1232.00	0.9406	0.0594	0.19095856998675106
1233.00	0.9358	0.0642	0.1882491346069746
1234.00	0.9308	0.0692	0.18521115292581686
1235.00	0.9258	0.0742	0.1818566144690515
1236.00	0.9207	0.0793	0.17819875806742538
1237.00	0.9157	0.0843	0.17425201960903838
1238.00	0.9107	0.0893	0.17003197506749326
1239.00	0.9059	0.0941	0.16555527903064052
1240.00	0.9013	0.0987	0.1608395989725308
1241.00	0.8971	0.1029	0.15590354552796196
1242.00	0.8931	0.1069	0.15076659904481246
1243.00	0.8897	0.1103	0.14544903270400364
1244.00	0.8867	0.1133	0.13997183251051884
1245.00	0.8842	0.1158	0.13435661447122457
1246.00	0.8823	0.1177	0.12862553928637402
1247.00	0.8810	0.1190	0.12280122489144248
1248.00	0.8804	0.1196	0.11690665719447194
1249.00	0.8803	0.1197	0.11096509936118783
1250.00	0.8809	0.1191	0.10500000000591984
1251.00	0.8821	0.1179	0.09903490065062846
1252.00	0.8839	0.1161	0.09309334281727571
1253.00	0.8862	0.1138	0.08719877512018748
1254.00	0.8891	0.1109	0.0813744607250937
1255.00	0.8923	0.1077	0.07564338554003561
1256.00	0.8960	0.1040	0.07002816750049067
1257.00	0.9001	0.0999	0.06455096730670926
1258.00	0.9044	0.0956	0.059233400965562746
1259.00	0.9089	0.0911	0.054096454482034616
1260.00	0.9136	0.0864	0.04916040103704882
1261.00	0.9184	0.0816	0.044444720978482115
1262.00	0.9233	0.0767	0.03996802494113749
1263.00	0.9281	0.0719	0.035747980399066445
1264.00	0.9329	0.0671	0.03180124194012239
1265.00	0.9375	0.0625	0.028143385537907697
1266.00	0.9421	0.0579	0.02478884708052717
1267.00	0.9464	0.0536	0.02175086539872921
1268.00	0.9506	0.0494	0.019041430018290624
1269.00	0.9545	0.0455	0.016671233842833484
1270.00	0.9582	0.0418	0.014649630953823331
1271.00	0.9617	0.0383	0.012984599694280544
1272.00	0.9649	0.0351	0.011682711181906372
1273.00	0.9679	0.0321	0.010749103375882266
1274.00	0.9707	0.0293	0.010187460799694098
1275.00	0.9732	0.0268	0.01
1276.00	0.9755	0.0245	0.010187460798933578
1277.00	0.9776	0.0224	0.010749103374364218
1278.00	0.9795	0.0205	0.0116827111796368
1279.00	0.9813	0.0187	0.01298459969126873
1280.00	0.9828	0.0172	0.014649630950080497
1281.00	0.9842	0.0158	0.016671233838374745
1282.00	0.9855	0.0145	0.019041430013133562
1283.00	0.9866	0.0134	0.02175086539289483
1284.00	0.9876	0.0124	0.0247888470740372
1285.00	0.9885	0.0115	0.028143385530788413
1286.00	0.9892	0.0108	0.03180124193240188
1287.00	0.9899	0.0101	0.03574798039077609
1288.00	0.9905	0.0095	0.039968024932309165
1289.00	0.9911	0.0089	0.04444472096914961
1290.00	0.9915	0.0085	0.04916040102724996
1291.00	0.9919	0.0081	0.054096454471809205
1292.00	0.9923	0.0077	0.059233400954950055
1293.00	0.9926	0.0074	0.06455096729574994
1294.00	0.9928	0.0072	0.07002816748922916
1295.00	0.9930	0.0070	0.07564338552851764
1296.00	0.9932	0.0068	0.08137446071336348
1297.00	0.9933	0.0067	0.08719877510828997
1298.00	0.9934	0.0066	0.09309334280525916
1299.00	0.9934	0.0066	0.09903490063854166
1300.00	0.9934	0.0066	0.10499999999380913
1301.00	0.9933	0.0067	0.11096509934909968
1302.00	0.9932	0.0068	0.1169066571824554
1303.00	0.9931	0.0069	0.12280122487954627
1304.00	0.9929	0.0071	0.1286255392746438
1305.00	0.9927	0.0073	0.13435661445970534
1306.00	0.9924	0.0076	0.13997183249925735
1307.00	0.9921	0.0079	0.14544903269304552
1308.00	0.9917	0.0083	0.15076659903419976
1309.00	0.9913	0.0087	0.15590354551773541
1310.00	0.9908	0.0092	0.16083959896273195
1311.00	0.9902	0.0098	0.16555527902130907
1312.00	0.9895	0.0105	0.17003197505866496
1313.00	0.9888	0.0112	0.1742520196007471
1314.00	0.9879	0.0121	0.17819875805970484
1315.00	0.9869	0.0131	0.181856614461933
1316.00	0.9858	0.0142	0.1852111529193276
1317.00	0.9846	0.0154	0.1882491346011396
1318.00	0.9832	0.0168	0.190958569981594
1319.00	0.9817	0.0183	0.19332876615706676
1320.00	0.9799	0.0201	0.19535036904609296
1321.00	0.9780	0.0220	0.19701540030565173
1322.00	0.9758	0.0242	0.19831728881804286
1323.00	0.9735	0.0265	0.19925089662408377
1324.00	0.9708	0.0292	0.19981253920028888
1325.00	0.9680	0.0320	0.2
1326.00	0.9648	0.0352	0.19981253920108347
1327.00	0.9614	0.0386	0.19925089662566975
1328.00	0.9578	0.0422	0.198317288820414
1329.00	0.9539	0.0461	0.19701540030879902
1330.00	0.9497	0.0503	0.19535036905000328
1331.00	0.9453	0.0547	0.19332876616172506
1332.00	0.9406	0.0594	0.19095856998698185
1333.00	0.9358	0.0642	0.1882491346072364
1334.00	0.9309	0.0691	0.18521115292610804
1335.00	0.9258	0.0742	0.1818566144693709
1336.00	0.9207	0.0793	0.1781987580677709
1337.00	0.9157	0.0843	0.1742520196094104
1338.00	0.9107	0.0893	0.17003197506788942
1339.00	0.9059	0.0941	0.16555527903105924
1340.00	0.9014	0.0986	0.16083959897296934
1341.00	0.8971	0.1029	0.15590354552842078
1342.00	0.8932	0.1068	0.15076659904528866
1343.00	0.8897	0.1103	0.14544903270449533
1344.00	0.8867	0.1133	0.13997183251102285
1345.00	0.8842	0.1158	0.1343566144717414
1346.00	0.8824	0.1176	0.12862553928690038
1347.00	0.8811	0.1189	0.12280122489197626
1348.00	0.8804	0.1196	0.11690665719500974
1349.00	0.8804	0.1196	0.11096509936173019
1350.00	0.8810	0.1190	0.10500000000646324
1351.00	0.8822	0.1178	0.0990349006511708
1352.00	0.8839	0.1161	0.0930933428178135
1353.00	0.8863	0.1137	0.08719877512071994
1354.00	0.8891	0.1109	0.08137446072562003
1355.00	0.8924	0.1076	0.07564338554055243
1356.00	0.8961	0.1039	0.07002816750099466
1357.00	0.9001	0.0999	0.06455096730719972
1358.00	0.9044	0.0956	0.059233400966038935
1359.00	0.9090	0.0910	0.054096454482493436
1360.00	0.9137	0.0863	0.049160401037487346
1361.00	0.9185	0.0815	0.04444472097889978
1362.00	0.9233	0.0767	0.03996802494153362
1363.00	0.9281	0.0719	0.03574798039943843
1364.00	0.9329	0.0671	0.03180124194046791
1365.00	0.9375	0.0625	0.028143385538226318
1366.00	0.9421	0.0579	0.02478884708081834
1367.00	0.9464	0.0536	0.021750865398991
1368.00	0.9506	0.0494	0.01904143001852142
1369.00	0.9545	0.0455	0.016671233843033036
1370.00	0.9582	0.0418	0.014649630953991251
1371.00	0.9617	0.0383	0.012984599694415684
1372.00	0.9649	0.0351	0.011682711182007942
1373.00	0.9679	0.0321	0.01074910337595021
1374.00	0.9707	0.0293	0.010187460799728218
1375.00	0.9732	0.0268	0.01
1376.00	0.9755	0.0245	0.010187460798899543
1377.00	0.9776	0.0224	0.010749103374296284
1378.00	0.9795	0.0205	0.011682711179534969
1379.00	0.9813	0.0187	0.01298459969113359
1380.00	0.9828	0.0172	0.014649630949912987
1381.00	0.9842	0.0158	0.016671233838175193
1382.00	0.9855	0.0145	0.019041430012902188
1383.00	0.9866	0.0134	0.02175086539263304
1384.00	0.9876	0.0124	0.02478884707374674
1385.00	0.9885	0.0115	0.028143385530469793
1386.00	0.9892	0.0108	0.03180124193205549
1387.00	0.9899	0.0101	0.035747980390404104
1388.00	0.9905	0.0095	0.03996802493191304
1389.00	0.9911	0.0089	0.04444472096873194
1390.00	0.9915	0.0085	0.04916040102681032
1391.00	0.9919	0.0081	0.054096454471350384
1392.00	0.9923	0.0077	0.05923340095447385
1393.00	0.9926	0.0074	0.06455096729525946
1394.00	0.9928	0.0072	0.07002816748872391
1395.00	0.9930	0.0070	0.07564338552800083
1396.00	0.9932	0.0068	0.08137446071283713
1397.00	0.9933	0.0067	0.0871987751077575
1398.00	0.9934	0.0066	0.09309334280472002
1399.00	0.9934	0.0066	0.09903490063799932
1400.00	0.9934	0.0066	0.10499999999326572
1401.00	0.9933	0.0067	0.1109650993485587
1402.00	0.9932	0.0068	0.11690665718191627
1403.00	0.9931	0.0069	0.1228012248790125
1404.00	0.9929	0.0071	0.12862553927411743
1405.00	0.9927	0.0073	0.1343566144591898
1406.00	0.9925	0.0075	0.13997183249875209
1407.00	0.9921	0.0079	0.14544903269255383
1408.00	0.9918	0.0082	0.15076659903372358
1409.00	0.9913	0.0087	0.15590354551727773
1410.00	0.9908	0.0092	0.1608395989622923
1411.00	0.9902	0.0098	0.16555527902089037
1412.00	0.9895	0.0105	0.1700319750582688
1413.00	0.9888	0.0112	0.17425201960037606
1414.00	0.9879	0.0121	0.17819875805935848
1415.00	0.9869	0.0131	0.18185661446161358
1416.00	0.9858	0.0142	0.18521115291903645
1417.00	0.9846	0.0154	0.18824913460087844
1418.00	0.9832	0.0168	0.19095856998136318
1419.00	0.9817	0.0183	0.19332876615686673
1420.00	0.9799	0.0201	0.19535036904592498
1421.00	0.9780	0.0220	0.19701540030551692
1422.00	0.9758	0.0242	0.19831728881794128
1423.00	0.9735	0.0265	0.19925089662401566
1424.00	0.9708	0.0292	0.19981253920025477
1425.00	0.9680	0.0320	0.2
1426.00	0.9648	0.0352	0.1998125392011175
1427.00	0.9615	0.0385	0.1992508966257379
1428.00	0.9578	0.0422	0.19831728882051583
1429.00	0.9539	0.0461	0.19701540030893383
1430.00	0.9497	0.0503	0.19535036905017078
1431.00	0.9453	0.0547	0.1933287661619251
1432.00	0.9406	0.0594	0.19095856998721322
1433.00	0.9358	0.0642	0.18824913460749754
1434.00	0.9309	0.0691	0.18521115292639848
1435.00	0.9258	0.0742	0.18185661446969031
1436.00	0.9208	0.0792	0.17819875806811727
1437.00	0.9157	0.0843	0.17425201960978143
1438.00	0.9107	0.0893	0.17003197506828455
1439.00	0.9059	0.0941	0.16555527903147796
1440.00	0.9014	0.0986	0.16083959897340896
1441.00	0.8971	0.1029	0.15590354552887845
1442.00	0.8932	0.1068	0.15076659904576367
1443.00	0.8897	0.1103	0.145449032704987
1444.00	0.8867	0.1133	0.13997183251152812
1445.00	0.8843	0.1157	0.13435661447225694
1446.00	0.8824	0.1176	0.12862553928742537
1447.00	0.8811	0.1189	0.12280122489251005
1448.00	0.8804	0.1196	0.11690665719554887
1449.00	0.8804	0.1196	0.11096509936227117
1450.00	0.8810	0.1190	0.10500000000700531
1451.00	0.8822	0.1178	0.09903490065171315
1452.00	0.8839	0.1161	0.09309334281835262
1453.00	0.8863	0.1137	0.08719877512125374
1454.00	0.8891	0.1109	0.08137446072614507
1455.00	0.8924	0.1076	0.07564338554106924
1456.00	0.8961	0.1039	0.07002816750149991
1457.00	0.9001	0.0999	0.06455096730769141
1458.00	0.9044	0.0956	0.059233400966513944
1459.00	0.9090	0.0910	0.05409645448295225
1460.00	0.9137	0.0863	0.04916040103792698
1461.00	0.9185	0.0815	0.04444472097931849
1462.00	0.9233	0.0767	0.03996802494192877
1463.00	0.9281	0.0719	0.035747980399810426
1464.00	0.9329	0.0671	0.0318012419408143
1465.00	0.9376	0.0624	0.028143385538545722
1466.00	0.9421	0.0579	0.02478884708110879
1467.00	0.9464	0.0536	0.02175086539925279
1468.00	0.9506	0.0494	0.019041430018752803
1469.00	0.9545	0.0455	0.016671233843233074
1470.00	0.9582	0.0418	0.01464963095415875
1471.00	0.9617	0.0383	0.012984599694550824
1472.00	0.9649	0.0351	0.011682711182109763
1473.00	0.9679	0.0321	0.010749103376018311
1474.00	0.9707	0.0293	0.010187460799762254
1475.00	0.9732	0.0268	0.01
1476.00	0.9755	0.0245	0.010187460798865422
1477.00	0.9776	0.0224	0.01074910337422818
1478.00	0.9795	0.0205	0.0116827111794334
1479.00	0.9813	0.0187	0.012984599690998449
1480.00	0.9828	0.0172	0.014649630949745068
1481.00	0.9842	0.0158	0.016671233837975155
1482.00	0.9855	0.0145	0.019041430012671383
1483.00	0.9866	0.0134	0.021750865392371248
1484.00	0.9876	0.0124	0.02478884707345557
1485.00	0.9885	0.0115	0.02814338553015039
1486.00	0.9892	0.0108	0.03180124193170997
1487.00	0.9899	0.0101	0.03574798039003304
1488.00	0.9905	0.0095	0.03996802493151691
1489.00	0.9911	0.0089	0.04444472096831324
1490.00	0.9915	0.0085	0.04916040102637179
1491.00	0.9919	0.0081	0.054096454470892716
1492.00	0.9923	0.0077	0.05923340095399766
1493.00	0.9926	0.0074	0.06455096729476777
1494.00	0.9928	0.0072	0.07002816748821991
1495.00	0.9930	0.0070	0.0756433855274853
1496.00	0.9932	0.0068	0.0813744607123108
1497.00	0.9933	0.0067	0.08719877510722371
1498.00	0.9934	0.0066	0.09309334280418224
1499.00	0.9934	0.0066	0.09903490063745832
1500.00	0.9934	0.0066	0.1049999999927223
1501.00	0.9933	0.0067	0.11096509934801635
1502.00	0.9932	0.0068	0.11690665718137846
1503.00	0.9931	0.0069	0.12280122487848004
1504.00	0.9929	0.0071	0.1286255392735911
1505.00	0.9927	0.0073	0.134356614458673
1506.00	0.9925	0.0075	0.1399718324982481
1507.00	0.9921	0.0079	0.14544903269206336
1508.00	0.9918	0.0082	0.15076659903324738
1509.00	0.9913	0.0087	0.15590354551681893
1510.00	0.9908	0.0092	0.16083959896185376
1511.00	0.9902	0.0098	0.1655552790204727
1512.00	0.9895	0.0105	0.17003197505787268
1513.00	0.9888	0.0112	0.17425201960000403
1514.00	0.9879	0.0121	0.17819875805901295
1515.00	0.9869	0.0131	0.18185661446129497
1516.00	0.9858	0.0142	0.1852111529187453
1517.00	0.9846	0.0154	0.18824913460061668
1518.00	0.9832	0.0168	0.19095856998113184
1519.00	0.9817	0.0183	0.19332876615666716
1520.00	0.9799	0.0201	0.1953503690457571
1521.00	0.9780	0.0220	0.19701540030538178
1522.00	0.9758	0.0242	0.19831728881783944
1523.00	0.9735	0.0265	0.19925089662394774
1524.00	0.9708	0.0292	0.19981253920022066
1525.00	0.9680	0.0320	0.2
1526.00	0.9648	0.0352	0.1998125392011516
1527.00	0.9615	0.0385	0.1992508966258058
1528.00	0.9578	0.0422	0.19831728882061764
1529.00	0.9539	0.0461	0.19701540030906894
1530.00	0.9497	0.0503	0.1953503690503387
1531.00	0.9453	0.0547	0.19332876616212463
1532.00	0.9406	0.0594	0.1909585699874446
1533.00	0.9358	0.0642	0.18824913460775936
1534.00	0.9309	0.0691	0.18521115292668966
1535.00	0.9258	0.0742	0.18185661447000892
1536.00	0.9208	0.0792	0.17819875806846366
1537.00	0.9157	0.0843	0.17425201961015344
1538.00	0.9108	0.0892	0.17003197506868067
1539.00	0.9060	0.0940	0.16555527903189562
1540.00	0.9014	0.0986	0.16083959897384859
1541.00	0.8971	0.1029	0.15590354552933727
1542.00	0.8932	0.1068	0.15076659904623987
1543.00	0.8897	0.1103	0.1454490327054775
1544.00	0.8867	0.1133	0.13997183251203335
1545.00	0.8843	0.1157	0.13435661447277375
1546.00	0.8824	0.1176	0.12862553928795173
1547.00	0.8811	0.1189	0.12280122489304252
1548.00	0.8804	0.1196	0.11690665719608799
1549.00	0.8804	0.1196	0.1109650993628135
1550.00	0.8810	0.1190	0.10500000000754872
1551.00	0.8822	0.1178	0.09903490065225413
1552.00	0.8840	0.1160	0.09309334281889041
1553.00	0.8863	0.1137	0.08719877512178752
1554.00	0.8891	0.1109	0.08137446072667141
1555.00	0.8924	0.1076	0.07564338554158477
1556.00	0.8961	0.1039	0.0700281675020039
1557.00	0.9001	0.0999	0.0645509673081831
1558.00	0.9044	0.0956	0.05923340096699014
1559.00	0.9090	0.0910	0.05409645448340993
1560.00	0.9137	0.0863	0.04916040103836551
1561.00	0.9185	0.0815	0.04444472097973719
1562.00	0.9233	0.0767	0.039968024942324896
1563.00	0.9281	0.0719	0.035747980400181484
1564.00	0.9329	0.0671	0.031801241941159825
1565.00	0.9376	0.0624	0.028143385538865133
1566.00	0.9421	0.0579	0.024788847081399966
1567.00	0.9464	0.0536	0.021750865399513923
1568.00	0.9506	0.0494	0.01904143001898359
1569.00	0.9545	0.0455	0.016671233843433123
1570.00	0.9582	0.0418	0.014649630954326682
1571.00	0.9617	0.0383	0.012984599694685628
1572.00	0.9649	0.0351	0.011682711182211342
1573.00	0.9679	0.0321	0.010749103376086415
1574.00	0.9707	0.0293	0.010187460799796374
1575.00	0.9732	0.0268	0.01
1576.00	0.9755	0.0245	0.010187460798831387
1577.00	0.9776	0.0224	0.010749103374160069
1578.00	0.9795	0.0205	0.011682711179331578
1579.00	0.9813	0.0187	0.012984599690863647
1580.00	0.9828	0.0172	0.014649630949577556
1581.00	0.9842	0.0158	0.016671233837775107
1582.00	0.9855	0.0145	0.019041430012440012
1583.00	0.9866	0.0134	0.02175086539211011
1584.00	0.9876	0.0124	0.024788847073165123
1585.00	0.9885	0.0115	0.028143385529830978
1586.00	0.9892	0.0108	0.03180124193136359
1587.00	0.9899	0.0101	0.03574798038966104
1588.00	0.9905	0.0095	0.03996802493112176
1589.00	0.9911	0.0089	0.044444720967894535
1590.00	0.9915	0.0085	0.04916040102593216
1591.00	0.9920	0.0080	0.054096454470433895
1592.00	0.9923	0.0077	0.05923340095352265
1593.00	0.9926	0.0074	0.06455096729427608
1594.00	0.9928	0.0072	0.07002816748771466
1595.00	0.9930	0.0070	0.07564338552696849
1596.00	0.9932	0.0068	0.08137446071178576
1597.00	0.9933	0.0067	0.08719877510668993
1598.00	0.9934	0.0066	0.09309334280364312
1599.00	0.9934	0.0066	0.09903490063691599
1600.00	0.9934	0.0066	0.10499999999218025
1601.00	0.9933	0.0067	0.110965099347474
1602.00	0.9932	0.0068	0.11690665718083802
1603.00	0.9931	0.0069	0.12280122487794493
1604.00	0.9929	0.0071	0.12862553927306475
1605.00	0.9927	0.0073	0.13435661445815616
1606.00	0.9925	0.0075	0.1399718324977416
1607.00	0.9921	0.0079	0.14544903269157045
1608.00	0.9918	0.0082	0.15076659903277118
1609.00	0.9913	0.0087	0.1559035455163601
1610.00	0.9908	0.0092	0.16083959896141303
1611.00	0.9902	0.0098	0.16555527902005296
1612.00	0.9895	0.0105	0.17003197505747655
1613.00	0.9888	0.0112	0.17425201959963207
1614.00	0.9879	0.0121	0.1781987580586657
1615.00	0.9869	0.0131	0.18185661446097479
1616.00	0.9858	0.0142	0.1852111529184541
1617.00	0.9846	0.0154	0.18824913460035486
1618.00	0.9832	0.0168	0.19095856998089988
1619.00	0.9817	0.0183	0.19332876615646663
1620.00	0.9799	0.0201	0.19535036904558917
1621.00	0.9780	0.0220	0.19701540030524664
1622.00	0.9758	0.0242	0.19831728881773739
1623.00	0.9735	0.0265	0.19925089662387946
1624.00	0.9708	0.0292	0.19981253920018652
1625.00	0.9680	0.0320	0.2
1626.00	0.9649	0.0351	0.19981253920118572
1627.00	0.9615	0.0385	0.19925089662587409
1628.00	0.9578	0.0422	0.19831728882071947
1629.00	0.9539	0.0461	0.19701540030920411
1630.00	0.9497	0.0503	0.19535036905050662
1631.00	0.9453	0.0547	0.1933287661623252
1632.00	0.9406	0.0594	0.19095856998767596
1633.00	0.9358	0.0642	0.18824913460802112
1634.00	0.9309	0.0691	0.18521115292698084
1635.00	0.9259	0.0741	0.18185661447032914
1636.00	0.9208	0.0792	0.17819875806881005
1637.00	0.9157	0.0843	0.17425201961052542
1638.00	0.9108	0.0892	0.1700319750690768
1639.00	0.9060	0.0940	0.16555527903231534
1640.00	0.9014	0.0986	0.1608395989742882
1641.00	0.8971	0.1029	0.1559035455297961
1642.00	0.8932	0.1068	0.15076659904671608
1643.00	0.8897	0.1103	0.1454490327059704
1644.00	0.8867	0.1133	0.1399718325125386
1645.00	0.8843	0.1157	0.13435661447329056
1646.00	0.8824	0.1176	0.12862553928847806
1647.00	0.8811	0.1189	0.1228012248935776
1648.00	0.8804	0.1196	0.11690665719662711
1649.00	0.8804	0.1196	0.11096509936335586
1650.00	0.8810	0.1190	0.10500000000809212
1651.00	0.8822	0.1178	0.09903490065279782
1652.00	0.8840	0.1160	0.09309334281943087
1653.00	0.8863	0.1137	0.0871987751223213
1654.00	0.8891	0.1109	0.08137446072719776
1655.00	0.8924	0.1076	0.07564338554210287
1656.00	0.8961	0.1039	0.07002816750251041
1657.00	0.9001	0.0999	0.0645509673086748
1658.00	0.9044	0.0956	0.05923340096746634
1659.00	0.9090	0.0910	0.05409645448386989
1660.00	0.9137	0.0863	0.049160401038806235
1661.00	0.9185	0.0815	0.044444720980155894
1662.00	0.9233	0.0767	0.039968024942721024
1663.00	0.9281	0.0719	0.0357479804005544
1664.00	0.9329	0.0671	0.03180124194150707
1665.00	0.9376	0.0624	0.028143385539184544
1666.00	0.9421	0.0579	0.02478884708169114
1667.00	0.9464	0.0536	0.02175086539977637
1668.00	0.9506	0.0494	0.019041430019215544
1669.00	0.9545	0.0455	0.016671233843633157
1670.00	0.9582	0.0418	0.014649630954494602
1671.00	0.9617	0.0383	0.012984599694821106
1672.00	0.9649	0.0351	0.011682711182313418
1673.00	0.9679	0.0321	0.010749103376154529
1674.00	0.9707	0.0293	0.010187460799830505
1675.00	0.9732	0.0268	0.01
1676.00	0.9755	0.0245	0.010187460798797182
1677.00	0.9776	0.0224	0.010749103374091965
1678.00	0.9795	0.0205	0.011682711179229746
1679.00	0.9813	0.0187	0.012984599690728169
1680.00	0.9828	0.0172	0.014649630949409215
1681.00	0.9842	0.0158	0.016671233837575072
1682.00	0.9855	0.0145	0.019041430012208642
1683.00	0.9866	0.0134	0.021750865391847667
1684.00	0.9876	0.0124	0.02478884707287322
1685.00	0.9885	0.0115	0.028143385529511566
1686.00	0.9892	0.0108	0.0318012419310172
1687.00	0.9899	0.0101	0.03574798038928813
1688.00	0.9905	0.0095	0.03996802493072464
1689.00	0.9911	0.0089	0.04444472096747582
1690.00	0.9915	0.0085	0.04916040102549253
1691.00	0.9920	0.0080	0.054096454469973944
1692.00	0.9923	0.0077	0.059233400953045266
1693.00	0.9926	0.0074	0.06455096729378439
1694.00	0.9928	0.0072	0.07002816748720941
1695.00	0.9930	0.0070	0.07564338552645168
1696.00	0.9932	0.0068	0.08137446071125812
1697.00	0.9933	0.0067	0.08719877510615615
1698.00	0.9934	0.0066	0.09309334280310398
1699.00	0.9934	0.0066	0.09903490063637364
1700.00	0.9934	0.0066	0.10499999999163548
1701.00	0.9933	0.0067	0.11096509934693168
1702.00	0.9932	0.0068	0.11690665718030022
1703.00	0.9931	0.0069	0.12280122487741246
1704.00	0.9929	0.0071	0.12862553927253845
1705.00	0.9927	0.0073	0.13435661445763936
1706.00	0.9925	0.0075	0.1399718324972376
1707.00	0.9921	0.0079	0.14544903269107998
1708.00	0.9918	0.0082	0.150766599032295
1709.00	0.9913	0.0087	0.15590354551590127
1710.00	0.9908	0.0092	0.1608395989609745
1711.00	0.9902	0.0098	0.1655552790196353
1712.00	0.9896	0.0104	0.17003197505708043
1713.00	0.9888	0.0112	0.1742520195992601
1714.00	0.9879	0.0121	0.17819875805832017
1715.00	0.9870	0.0130	0.18185661446065615
1716.00	0.9858	0.0142	0.18521115291816292
1717.00	0.9846	0.0154	0.18824913460009307
1718.00	0.9832	0.0168	0.19095856998066907
1719.00	0.9817	0.0183	0.1933287661562671
1720.00	0.9799	0.0201	0.19535036904542125
1721.00	0.9780	0.0220	0.1970154003051115
1722.00	0.9758	0.0242	0.1983172888176358
1723.00	0.9735	0.0265	0.1992508966238115
1724.00	0.9708	0.0292	0.1998125392001524
1725.00	0.9680	0.0320	0.2
1726.00	0.9649	0.0351	0.19981253920121986
1727.00	0.9615	0.0385	0.19925089662594203
1728.00	0.9578	0.0422	0.1983172888208213
1729.00	0.9539	0.0461	0.19701540030933926
1730.00	0.9497	0.0503	0.19535036905067454
1731.00	0.9453	0.0547	0.19332876616252473
1732.00	0.9407	0.0593	0.19095856998790733
1733.00	0.9358	0.0642	0.1882491346082829
1734.00	0.9309	0.0691	0.18521115292727203
1735.00	0.9259	0.0741	0.18185661447064774
1736.00	0.9208	0.0792	0.17819875806915642
1737.00	0.9157	0.0843	0.1742520196108974
1738.00	0.9108	0.0892	0.17003197506947293
1739.00	0.9060	0.0940	0.165555279032733
1740.00	0.9014	0.0986	0.16083959897472785
1741.00	0.8971	0.1029	0.1559035455302549
1742.00	0.8932	0.1068	0.15076659904719225
1743.00	0.8897	0.1103	0.14544903270646087
1744.00	0.8867	0.1133	0.13997183251304385
1745.00	0.8843	0.1157	0.13435661447380737
1746.00	0.8824	0.1176	0.1286255392890044
1747.00	0.8811	0.1189	0.12280122489411006
1748.00	0.8805	0.1195	0.11690665719716624
1749.00	0.8804	0.1196	0.11096509936389819
1750.00	0.8810	0.1190	0.10500000000863553
1751.00	0.8822	0.1178	0.09903490065333881
1752.00	0.8840	0.1160	0.09309334281996999
1753.00	0.8863	0.1137	0.0871987751228551
1754.00	0.8891	0.1109	0.08137446072772409
1755.00	0.8924	0.1076	0.0756433855426184
1756.00	0.8961	0.1039	0.07002816750301566
1757.00	0.9001	0.0999	0.0645509673091665
1758.00	0.9044	0.0956	0.05923340096794253
1759.00	0.9090	0.0910	0.05409645448432756
1760.00	0.9137	0.0863	0.049160401039244774
1761.00	0.9185	0.0815	0.044444720980574594
1762.00	0.9233	0.0767	0.03996802494311716
1763.00	0.9281	0.0719	0.035747980400925465
1764.00	0.9329	0.0671	0.0318012419418526
1765.00	0.9376	0.0624	0.02814338553950395
1766.00	0.9421	0.0579	0.024788847081982313
1767.00	0.9464	0.0536	0.021750865400037504
1768.00	0.9506	0.0494	0.01904143001944634
1769.00	0.9545	0.0455	0.016671233843833205
1770.00	0.9582	0.0418	0.014649630954662523
1771.00	0.9617	0.0383	0.012984599694955908
1772.00	0.9649	0.0351	0.011682711182414986
1773.00	0.9679	0.0321	0.01074910337622263
1774.00	0.9707	0.0293	0.010187460799864625
1775.00	0.9732	0.0268	0.01
1776.00	0.9755	0.0245	0.010187460798763147
1777.00	0.9776	0.0224	0.010749103374023851
1778.00	0.9795	0.0205	0.011682711179127924
1779.00	0.9813	0.0187	0.012984599690593367
1780.00	0.9828	0.0172	0.014649630949241717
1781.00	0.9842	0.0158	0.016671233837375024
1782.00	0.9855	0.0145	0.019041430011977268
1783.00	0.9866	0.0134	0.02175086539158652
1784.00	0.9876	0.0124	0.024788847072582776
1785.00	0.9885	0.0115	0.028143385529192162
1786.00	0.9892	0.0108	0.031801241930670826
1787.00	0.9899	0.0101	0.035747980388917064
1788.00	0.9905	0.0095	0.0399680249303295
1789.00	0.9911	0.0089	0.04444472096705712
1790.00	0.9915	0.0085	0.049160401025052904
1791.00	0.9920	0.0080	0.05409645446951626
1792.00	0.9923	0.0077	0.05923340095257026
1793.00	0.9926	0.0074	0.06455096729329268
1794.00	0.9928	0.0072	0.07002816748670417
1795.00	0.9930	0.0070	0.07564338552593484
1796.00	0.9932	0.0068	0.08137446071073308
1797.00	0.9933	0.0067	0.08719877510562236
1798.00	0.9934	0.0066	0.09309334280256486
1799.00	0.9934	0.0066	0.09903490063583131
1800.00	0.9934	0.0066	0.10499999999109341
1801.00	0.9933	0.0067	0.11096509934638933
1802.00	0.9932	0.0068	0.1169066571797611
1803.00	0.9931	0.0069	0.12280122487687867
1804.00	0.9929	0.0071	0.1286255392720134
1805.00	0.9927	0.0073	0.13435661445712255
1806.00	0.9925	0.0075	0.13997183249673237
1807.00	0.9921	0.0079	0.1454490326905883
1808.00	0.9918	0.0082	0.15076659903181996
1809.00	0.9913	0.0087	0.15590354551544247
1810.00	0.9908	0.0092	0.1608395989605349
1811.00	0.9902	0.0098	0.16555527901921657
1812.00	0.9896	0.0104	0.1700319750566853
1813.00	0.9888	0.0112	0.17425201959888806
1814.00	0.9879	0.0121	0.1781987580579738
1815.00	0.9870	0.0130	0.18185661446033677
1816.00	0.9858	0.0142	0.1852111529178725
1817.00	0.9846	0.0154	0.18824913459983128
1818.00	0.9832	0.0168	0.1909585699804377
1819.00	0.9817	0.0183	0.19332876615606703
1820.00	0.9799	0.0201	0.19535036904525374
1821.00	0.9780	0.0220	0.19701540030497636
1822.00	0.9758	0.0242	0.198317288817534
1823.00	0.9735	0.0265	0.19925089662374343
1824.00	0.9708	0.0292	0.19981253920011838
1825.00	0.9680	0.0320	0.2
1826.00	0.9649	0.0351	0.19981253920125397
1827.00	0.9615	0.0385	0.19925089662601012
1828.00	0.9578	0.0422	0.19831728882092287
1829.00	0.9539	0.0461	0.19701540030947406
1830.00	0.9497	0.0503	0.1953503690508425
1831.00	0.9453	0.0547	0.19332876616272476
1832.00	0.9407	0.0593	0.19095856998813815
1833.00	0.9358	0.0642	0.18824913460854406
1834.00	0.9309	0.0691	0.18521115292756318
1835.00	0.9259	0.0741	0.18185661447096715
1836.00	0.9208	0.0792	0.17819875806950194
1837.00	0.9157	0.0843	0.1742520196112685
1838.00	0.9108	0.0892	0.17003197506986906
1839.00	0.9060	0.0940	0.16555527903315173
1840.00	0.9014	0.0986	0.1608395989751664
1841.00	0.8971	0.1029	0.1559035455307126
1842.00	0.8932	0.1068	0.15076659904766845
1843.00	0.8897	0.1103	0.14544903270695256
1844.00	0.8867	0.1133	0.13997183251354783
1845.00	0.8843	0.1157	0.1343566144743229
1846.00	0.8824	0.1176	0.12862553928953072
1847.00	0.8811	0.1189	0.12280122489464386
1848.00	0.8805	0.1195	0.11690665719770402
1849.00	0.8804	0.1196	0.11096509936443917
1850.00	0.8810	0.1190	0.10500000000917895
1851.00	0.8822	0.1178	0.09903490065388115
1852.00	0.8840	0.1160	0.09309334282050778
1853.00	0.8863	0.1137	0.08719877512338756
1854.00	0.8891	0.1109	0.08137446072825043
1855.00	0.8924	0.1076	0.07564338554313521
1856.00	0.8961	0.1039	0.07002816750351966
1857.00	0.9001	0.0999	0.06455096730965697
1858.00	0.9044	0.0956	0.059233400968418726
1859.00	0.9090	0.0910	0.05409645448478638
1860.00	0.9137	0.0863	0.049160401039684394
1861.00	0.9185	0.0815	0.04444472098099226
1862.00	0.9233	0.0767	0.039968024943513286
1863.00	0.9281	0.0719	0.035747980401297466
1864.00	0.9329	0.0671	0.03180124194219897
1865.00	0.9376	0.0624	0.02814338553982257
1866.00	0.9421	0.0579	0.02478884708227349
1867.00	0.9464	0.0536	0.021750865400299295
1868.00	0.9506	0.0494	0.01904143001967771
1869.00	0.9545	0.0455	0.016671233844032754
1870.00	0.9582	0.0418	0.014649630954830444
1871.00	0.9617	0.0383	0.012984599695091048
1872.00	0.9649	0.0351	0.01168271118251682
1873.00	0.9679	0.0321	0.010749103376290575
1874.00	0.9707	0.0293	0.010187460799898745
1875.00	0.9732	0.0268	0.01
1876.00	0.9755	0.0245	0.010187460798729016
1877.00	0.9776	0.0224	0.010749103373955918
1878.00	0.9795	0.0205	0.011682711179026101
1879.00	0.9813	0.0187	0.012984599690458226
1880.00	0.9828	0.0172	0.014649630949073785
1881.00	0.9842	0.0158	0.016671233837175472
1882.00	0.9855	0.0145	0.019041430011745894
1883.00	0.9866	0.0134	0.02175086539132473
1884.00	0.9876	0.0124	0.0247888470722916
1885.00	0.9885	0.0115	0.028143385528873542
1886.00	0.9892	0.0108	0.031801241930324436
1887.00	0.9899	0.0101	0.03574798038854507
1888.00	0.9905	0.0095	0.03996802492993337
1889.00	0.9911	0.0089	0.044444720966639456
1890.00	0.9915	0.0085	0.04916040102461327
1891.00	0.9920	0.0080	0.05409645446905744
1892.00	0.9923	0.0077	0.05923340095209406
1893.00	0.9926	0.0074	0.06455096729280223
1894.00	0.9928	0.0072	0.07002816748620017
1895.00	0.9930	0.0070	0.07564338552541804
1896.00	0.9932	0.0068	0.08137446071020675
1897.00	0.9933	0.0067	0.0871987751050899
1898.00	0.9934	0.0066	0.09309334280202708
1899.00	0.9934	0.0066	0.09903490063528897
1900.00	0.9934	0.0066	0.10499999999055001
1901.00	0.9933	0.0067	0.11096509934584835
1902.00	0.9932	0.0068	0.11690665717922331
1903.00	0.9931	0.0069	0.12280122487634489
1904.00	0.9929	0.0071	0.12862553927148707
1905.00	0.9927	0.0073	0.13435661445660702
1906.00	0.9925	0.0075	0.13997183249622835
1907.00	0.9921	0.0079	0.14544903269009657
1908.00	0.9918	0.0082	0.15076659903134376
1909.00	0.9913	0.0087	0.15590354551498478
1910.00	0.9908	0.0092	0.16083959896009634
1911.00	0.9902	0.0098	0.16555527901879785
1912.00	0.9896	0.0104	0.17003197505628914
1913.00	0.9888	0.0112	0.17425201959851702
1914.00	0.9879	0.0121	0.17819875805762828
1915.00	0.9870	0.0130	0.18185661446001736
1916.00	0.9858	0.0142	0.1852111529175813
1917.00	0.9846	0.0154	0.18824913459957016
1918.00	0.9832	0.0168	0.19095856998020688
1919.00	0.9817	0.0183	0.193328766155867
1920.00	0.9799	0.0201	0.19535036904508582
1921.00	0.9780	0.0220	0.19701540030484155
1922.00	0.9758	0.0242	0.1983172888174324
1923.00	0.9735	0.0265	0.19925089662367532
1924.00	0.9708	0.0292	0.19981253920008427
1925.00	0.9680	0.0320	0.2
1926.00	0.9649	0.0351	0.199812539201288
1927.00	0.9615	0.0385	0.19925089662607823
1928.00	0.9578	0.0422	0.1983172888210247
1929.00	0.9539	0.0461	0.19701540030960918
1930.00	0.9497	0.0503	0.19535036905100997
1931.00	0.9453	0.0547	0.1933287661629248
1932.00	0.9407	0.0593	0.19095856998836952
1933.00	0.9358	0.0642	0.18824913460880582
1934.00	0.9309	0.0691	0.18521115292785365
1935.00	0.9259	0.0741	0.18185661447128657
1936.00	0.9208	0.0792	0.17819875806984836
1937.00	0.9157	0.0843	0.17425201961164047
1938.00	0.9108	0.0892	0.1700319750702642
1939.00	0.9060	0.0940	0.16555527903357042
1940.00	0.9014	0.0986	0.160839598975606
1941.00	0.8971	0.1029	0.1559035455311714
1942.00	0.8932	0.1068	0.15076659904814346
1943.00	0.8897	0.1103	0.14544903270744425
1944.00	0.8867	0.1133	0.1399718325140531
1945.00	0.8843	0.1157	0.1343566144748397
1946.00	0.8824	0.1176	0.12862553929005577
1947.00	0.8811	0.1189	0.12280122489517765
1948.00	0.8805	0.1195	0.11690665719824314
1949.00	0.8804	0.1196	0.11096509936498153
1950.00	0.8810	0.1190	0.10500000000972103
1951.00	0.8822	0.1178	0.0990349006544235
1952.00	0.8840	0.1160	0.0930933428210469
1953.00	0.8863	0.1137	0.08719877512392132
1954.00	0.8891	0.1109	0.08137446072877547
1955.00	0.8924	0.1076	0.07564338554365202
1956.00	0.8961	0.1039	0.07002816750402491
1957.00	0.9001	0.0999	0.06455096731014866
1958.00	0.9044	0.0956	0.05923340096889374
1959.00	0.9090	0.0910	0.054096454485244055
1960.00	0.9137	0.0863	0.049160401040124035
1961.00	0.9185	0.0815	0.04444472098141097
1962.00	0.9233	0.0767	0.03996802494390843
1963.00	0.9281	0.0719	0.035747980401668523
1964.00	0.9329	0.0671	0.03180124194254536
1965.00	0.9376	0.0624	0.02814338554014198
1966.00	0.9421	0.0579	0.024788847082563934
1967.00	0.9464	0.0536	0.021750865400560433
1968.00	0.9506	0.0494	0.019041430019909093
1969.00	0.9545	0.0455	0.016671233844232792
1970.00	0.9582	0.0418	0.014649630954997953
1971.00	0.9617	0.0383	0.012984599695225862
1972.00	0.9649	0.0351	0.01168271118261864
1973.00	0.9679	0.0321	0.010749103376358678
1974.00	0.9707	0.0293	0.01018746079993278
1975.00	0.9732	0.0268	0.01
1976.00	0.9755	0.0245	0.010187460798694896
1977.00	0.9776	0.0224	0.010749103373887806
1978.00	0.9795	0.0205	0.011682711178924523
1979.00	0.9813	0.0187	0.012984599690323423
1980.00	0.9828	0.0172	0.014649630948905864
1981.00	0.9842	0.0158	0.016671233836975437
1982.00	0.9855	0.0145	0.019041430011515093
1983.00	0.9866	0.0134	0.021750865391063592
1984.00	0.9876	0.0124	0.024788847072000422
1985.00	0.9885	0.0115	0.02814338552855413
1986.00	0.9892	0.0108	0.03180124192997892
1987.00	0.9899	0.0101	0.03574798038817401
1988.00	0.9905	0.0095	0.039968024929537244
1989.00	0.9911	0.0089	0.04444472096622075
1990.00	0.9915	0.0085	0.04916040102417473
1991.00	0.9920	0.0080	0.05409645446859977
1992.00	0.9923	0.0077	0.05923340095161786
1993.00	0.9926	0.0074	0.06455096729231052
1994.00	0.9928	0.0072	0.07002816748569492
1995.00	0.9930	0.0070	0.07564338552490252
1996.00	0.9932	0.0068	0.08137446070968041
1997.00	0.9933	0.0067	0.08719877510455612
1998.00	0.9934	0.0066	0.09309334280148795
1999.00	0.9934	0.0066	0.09903490063474797
2000.00	0.9934	0.0066	0.1049999999900066
